county,state,fips_code,customers_out
Abbeville,South Carolina,45001,23328
Acadia,Louisiana,22001,546254
Accomack,Virginia,51001,741692
Ada,Idaho,16001,892953
Adair,Iowa,19001,1215
Adair,Kentucky,21001,45277
Adair,Missouri,29001,57258
Adair,Oklahoma,40001,14018
Adams,Colorado,8001,2317441
Adams,Idaho,16003,122410
Adams,Illinois,17001,259625
Adams,Indiana,18001,80932
Adams,Iowa,19003,62196
Adams,Mississippi,28001,296177
Adams,Ohio,39001,280096
Adams,Pennsylvania,42001,654733
Adams,Washington,53001,90639
Adams,Wisconsin,55001,1018
Addison,Vermont,50001,522563
Aiken,South Carolina,45003,339910
Aitkin,Minnesota,27001,1066656
Alachua,Florida,12001,3775027
Alamance,North Carolina,37001,692295
Alamosa,Colorado,8003,92119
Albany,New York,36001,1503048
Albemarle,Virginia,51003,1280562
Alcona,Michigan,26001,229763
Alexander,Illinois,17003,28776
Alexander,North Carolina,37003,210812
Alexandria,Virginia,51510,594626
Alfalfa,Oklahoma,40003,22794
Alger,Michigan,26003,5925
Allamakee,Iowa,19005,86321
Allegan,Michigan,26005,752586
Allegany,Maryland,24001,324485
Allegany,New York,36003,721445
Alleghany,North Carolina,37005,85676
Alleghany,Virginia,51005,262529
Allegheny,Pennsylvania,42003,2934318
Allen,Indiana,18003,1205631
Allen,Kansas,20001,46621
Allen,Kentucky,21003,425571
Allen,Louisiana,22003,414853
Allen,Ohio,39003,329899
Allendale,South Carolina,45005,668922
Alpena,Michigan,26007,754
Amelia,Virginia,51007,444907
Amherst,Virginia,51009,386436
Amite,Mississippi,28005,167977
Anderson,Kansas,20003,21871
Anderson,Kentucky,21005,58441
Anderson,South Carolina,45007,1229617
Anderson,Tennessee,47001,155826
Anderson,Texas,48001,6852
Andrew,Missouri,29003,79945
Androscoggin,Maine,23001,1040026
Angelina,Texas,48005,142
Anne Arundel,Maryland,24003,2084341
Anoka,Minnesota,27003,191990
Anson,North Carolina,37007,1170282
Antelope,Nebraska,31003,33
Antrim,Michigan,26009,164212
Apache,Arizona,4001,4055
Appanoose,Iowa,19007,49309
Appling,Georgia,13001,36452
Appomattox,Virginia,51011,480090
Arapahoe,Colorado,8005,1592290
Archuleta,Colorado,8007,42436
Arenac,Michigan,26011,298528
Arkansas,Arkansas,5001,272060
Arlington,Virginia,51013,871422
Armstrong,Pennsylvania,42005,492054
Armstrong,Texas,48011,7437
Aroostook,Maine,23003,755001
Ascension,Louisiana,22005,3666188
Ashe,North Carolina,37009,214878
Ashland,Ohio,39005,121083
Ashland,Wisconsin,55003,260538
Ashley,Arkansas,5003,404179
Ashtabula,Ohio,39007,977892
Asotin,Washington,53003,48431
Assumption,Louisiana,22007,778569
Atascosa,Texas,48013,7970
Atchison,Kansas,20005,40220
Atchison,Missouri,29005,81281
Athens,Ohio,39009,789200
Atkinson,Georgia,13003,40097
Atlantic,New Jersey,34001,1636397
Atoka,Oklahoma,40005,29961
Attala,Mississippi,28007,167882
Audrain,Missouri,29007,156976
Audubon,Iowa,19009,25122
Auglaize,Ohio,39011,22388
Augusta,Virginia,51015,865137
Austin,Texas,48015,122066
Autauga,Alabama,1001,130152
Avery,North Carolina,37011,11071
Avoyelles,Louisiana,22009,450533
Bacon,Georgia,13005,9589
Bailey,Texas,48017,2954
Baker,Florida,12003,432819
Baker,Georgia,13007,803
Baldwin,Alabama,1003,584911
Baldwin,Georgia,13009,167198
Ballard,Kentucky,21007,26575
Baltimore,Maryland,24005,2701082
Baltimore,Maryland,24510,2133242
Bamberg,South Carolina,45009,258470
Bandera,Texas,48019,243
Banks,Georgia,13011,50859
Bannock,Idaho,16005,185736
Baraga,Michigan,26013,73458
Barbour,West Virginia,54001,962894
Barnes,North Dakota,38003,81721
Barnstable,Massachusetts,25001,1760504
Barnwell,South Carolina,45011,149000
Barren,Kentucky,21009,30810
Barron,Wisconsin,55005,69492
Barrow,Georgia,13013,119331
Barry,Michigan,26015,736373
Bartholomew,Indiana,18005,3689
Barton,Kansas,20009,73732
Barton,Missouri,29011,4916
Bartow,Georgia,13015,374968
Bastrop,Texas,48021,392516
Bates,Missouri,29013,35509
Bath,Kentucky,21011,23188
Bath,Virginia,51017,1051
Baxter,Arkansas,5005,55098
Bay,Florida,12005,711340
Bay,Michigan,26017,259580
Bayfield,Wisconsin,55007,331379
Beaufort,North Carolina,37013,1119516
Beaufort,South Carolina,45013,15114821
Beauregard,Louisiana,22011,888133
Beaver,Pennsylvania,42007,228549
Becker,Minnesota,27005,43701
Beckham,Oklahoma,40009,123967
Bedford,Pennsylvania,42009,226077
Bedford,Tennessee,47003,282
Bedford,Virginia,51019,1448552
Belknap,New Hampshire,33001,333401
Bell,Kentucky,21013,281902
Belmont,Ohio,39013,495512
Ben Hill,Georgia,13017,950
Benewah,Idaho,16009,272968
Bennington,Vermont,50003,396001
Benton,Arkansas,5007,84658
Benton,Indiana,18007,51286
Benton,Iowa,19011,126125
Benton,Minnesota,27009,77977
Benton,Missouri,29015,26649
Benzie,Michigan,26019,105057
Bergen,New Jersey,34003,2851477
Berkeley,South Carolina,45015,1523918
Berkeley,West Virginia,54003,475874
Berks,Pennsylvania,42011,2188508
Berkshire,Massachusetts,25003,639995
Bernalillo,New Mexico,35001,2803442
Berrien,Georgia,13019,83831
Berrien,Michigan,26021,3079009
Bertie,North Carolina,37015,652724
Bexar,Texas,48029,2791030
Bibb,Alabama,1007,168
Bibb,Georgia,13021,439579
Bienville,Louisiana,22013,391516
Bingham,Idaho,16011,195161
Black Hawk,Iowa,19013,481469
Blackford,Indiana,18009,98068
Bladen,North Carolina,37017,2572224
Blaine,Idaho,16013,66195
Blaine,Oklahoma,40011,75174
Blair,Pennsylvania,42013,593900
Bland,Virginia,51021,141603
Bleckley,Georgia,13023,24809
Blount,Tennessee,47009,357923
Blue Earth,Minnesota,27013,124514
Boise,Idaho,16015,258095
Bolivar,Mississippi,28011,351385
Bond,Illinois,17005,65006
Bonner,Idaho,16017,295077
Boone,Arkansas,5009,289216
Boone,Illinois,17007,32740
Boone,Indiana,18011,155840
Boone,Iowa,19015,64195
Boone,Kentucky,21015,288932
Boone,Missouri,29019,206189
Boone,West Virginia,54005,2172481
Bossier,Louisiana,22015,3114468
Botetourt,Virginia,51023,708572
Boulder,Colorado,8013,1686383
Bourbon,Kansas,20011,145663
Bourbon,Kentucky,21017,78140
Bowie,Texas,48037,1812061
Boyd,Kentucky,21019,362453
Boyd,Nebraska,31015,4009
Boyle,Kentucky,21021,41352
Bracken,Kentucky,21023,53617
Bradford,Florida,12007,428796
Bradford,Pennsylvania,42015,672495
Bradley,Arkansas,5011,236632
Branch,Michigan,26023,187609
Brantley,Georgia,13025,35128
Braxton,West Virginia,54007,1046034
Brazos,Texas,48041,1536
Breathitt,Kentucky,21025,491061
Breckinridge,Kentucky,21027,198
Bremer,Iowa,19017,35461
Brevard,Florida,12009,31458895
Briscoe,Texas,48045,84
Bristol,Massachusetts,25005,2319474
Bristol,Rhode Island,44001,223003
Bronx,New York,36005,580578
Brooke,West Virginia,54009,286871
Brooks,Georgia,13027,51382
Broome,New York,36007,834491
Broomfield,Colorado,8014,69641
Broward,Florida,12011,8245720
Brown,Illinois,17009,30794
Brown,Indiana,18013,421314
Brown,Kansas,20013,86785
Brown,Minnesota,27015,81
Brown,Nebraska,31017,4750
Brown,Ohio,39015,589908
Brown,Wisconsin,55009,784168
Brunswick,North Carolina,37019,6272325
Brunswick,Virginia,51025,305498
Bryan,Georgia,13029,1404947
Bryan,Oklahoma,40013,371900
Buchanan,Iowa,19019,65503
Buchanan,Missouri,29021,554529
Buchanan,Virginia,51027,458907
Buckingham,Virginia,51029,82660
Bucks,Pennsylvania,42017,4226645
Buena Vista,Iowa,19021,25824
Buena Vista,Virginia,51530,32879
Buffalo,Nebraska,31019,49322
Buffalo,Wisconsin,55011,36412
Bullitt,Kentucky,21029,68431
Bulloch,Georgia,13031,2295528
Bullock,Alabama,1011,606
Buncombe,North Carolina,37021,2309893
Bureau,Illinois,17011,118779
Burke,Georgia,13033,103627
Burke,North Carolina,37023,423068
Burleson,Texas,48051,122910
Burlington,New Jersey,34005,2792258
Burt,Nebraska,31021,12558
Butler,Alabama,1013,114379
Butler,Iowa,19023,55331
Butler,Kansas,20015,237663
Butler,Kentucky,21031,636
Butler,Ohio,39017,2188236
Butler,Pennsylvania,42019,698752
Butte,South Dakota,46019,13356
Butts,Georgia,13035,95972
Cabarrus,North Carolina,37025,530652
Cabell,West Virginia,54011,2048515
Caddo,Louisiana,22017,3501657
Caddo,Oklahoma,40015,674266
Calcasieu,Louisiana,22019,1973817
Caldwell,Kentucky,21033,47500
Caldwell,Louisiana,22021,149559
Caldwell,Missouri,29025,4486
Caldwell,North Carolina,37027,615478
Caldwell,Texas,48055,90641
Caledonia,Vermont,50005,114771
Calhoun,Arkansas,5013,54581
Calhoun,Florida,12013,86936
Calhoun,Georgia,13037,36343
Calhoun,Illinois,17013,32409
Calhoun,Iowa,19025,106033
Calhoun,Michigan,26025,802528
Calhoun,Mississippi,28013,1510
Calhoun,South Carolina,45017,482358
Calhoun,West Virginia,54013,591678
Callaway,Missouri,29027,27254
Calumet,Wisconsin,55015,73820
Calvert,Maryland,24009,301222
Camas,Idaho,16025,1872
Cambria,Pennsylvania,42021,793100
Camden,Georgia,13039,1214304
Camden,Missouri,29029,186043
Camden,New Jersey,34007,2589423
Camden,North Carolina,37029,331142
Cameron,Louisiana,22023,90741
Cameron,Pennsylvania,42023,56748
Cameron,Texas,48061,2296
Camp,Texas,48063,116264
Campbell,Kentucky,21037,639128
Campbell,Tennessee,47013,15091
Campbell,Virginia,51031,1236147
Campbell,Wyoming,56005,170
Canadian,Oklahoma,40017,1225428
Candler,Georgia,13043,260606
Cannon,Tennessee,47015,27777
Canyon,Idaho,16027,350483
Cape Girardeau,Missouri,29031,198996
Cape May,New Jersey,34009,5309353
Carbon,Montana,30009,966
Carbon,Pennsylvania,42025,313409
Carlisle,Kentucky,21039,229
Carlton,Minnesota,27017,723266
Caroline,Maryland,24011,215217
Caroline,Virginia,51033,423225
Carroll,Arkansas,5015,44349
Carroll,Georgia,13045,195288
Carroll,Illinois,17015,7569
Carroll,Indiana,18015,127553
Carroll,Iowa,19027,104461
Carroll,Kentucky,21041,10104
Carroll,Maryland,24013,588855
Carroll,Mississippi,28015,33134
Carroll,Missouri,29033,28315
Carroll,New Hampshire,33003,315833
Carroll,Ohio,39019,210783
Carroll,Virginia,51035,744033
Carson,Texas,48065,27811
Carson City,Nevada,32510,316372
Carter,Kentucky,21043,284474
Carter,Montana,30011,13
Carter,Oklahoma,40019,178527
Carteret,North Carolina,37031,1641947
Carver,Minnesota,27019,170432
Casey,Kentucky,21045,9161
Cass,Illinois,17017,31846
Cass,Indiana,18017,40647
Cass,Iowa,19029,28677
Cass,Michigan,26027,498446
Cass,Minnesota,27021,3978106
Cass,Missouri,29037,300240
Cass,Nebraska,31025,122328
Cass,North Dakota,38017,572827
Cass,Texas,48067,93921
Cassia,Idaho,16031,36148
Castro,Texas,48069,9722
Caswell,North Carolina,37033,390867
Catahoula,Louisiana,22025,157311
Catawba,North Carolina,37035,815903
Catoosa,Georgia,13047,46919
Catron,New Mexico,35003,4065
Cattaraugus,New York,36009,296162
Cayuga,New York,36011,531127
Cecil,Maryland,24015,1109837
Cedar,Iowa,19031,54371
Cedar,Missouri,29039,4626
Cedar,Nebraska,31027,1239
Centre,Pennsylvania,42027,545616
Cerro Gordo,Iowa,19033,125753
Chaffee,Colorado,8015,22107
Chambers,Texas,48071,197966
Champaign,Illinois,17019,503280
Champaign,Ohio,39021,130816
Chariton,Missouri,29041,104472
Charles,Maryland,24017,513835
Charles City,Virginia,51036,183560
Charleston,South Carolina,45019,14468379
Charlevoix,Michigan,26029,91595
Charlotte,Florida,12015,1482198
Charlotte,Virginia,51037,465073
Charlottesville,Virginia,51540,193944
Charlton,Georgia,13049,234320
Chase,Kansas,20017,9235
Chatham,Georgia,13051,41795203
Chatham,North Carolina,37037,1571305
Chattahoochee,Georgia,13053,948
Chattooga,Georgia,13055,89700
Chautauqua,New York,36013,387721
Chaves,New Mexico,35005,105008
Cheatham,Tennessee,47021,221666
Cheboygan,Michigan,26031,137405
Chemung,New York,36015,524136
Chenango,New York,36017,1135726
Cherokee,Georgia,13057,526332
Cherokee,Iowa,19035,48024
Cherokee,Kansas,20021,38702
Cherokee,North Carolina,37039,152800
Cherokee,Oklahoma,40021,20018
Cherokee,South Carolina,45021,195308
Cherry,Nebraska,31031,24
Chesapeake,Virginia,51550,5215675
Cheshire,New Hampshire,33005,541902
Chester,Pennsylvania,42029,3443957
Chester,South Carolina,45023,195157
Chesterfield,South Carolina,45025,1931944
Chesterfield,Virginia,51041,4047314
Cheyenne,Kansas,20023,5731
Chickasaw,Iowa,19037,28893
Chickasaw,Mississippi,28017,926
Chicot,Arkansas,5017,291149
Childress,Texas,48075,9574
Chilton,Alabama,1021,177320
Chippewa,Minnesota,27023,88264
Chippewa,Wisconsin,55017,73810
Chisago,Minnesota,27025,196522
Chittenden,Vermont,50007,509573
Choctaw,Mississippi,28019,46961
Choctaw,Oklahoma,40023,163720
Chowan,North Carolina,37041,133261
Christian,Illinois,17021,130299
Christian,Kentucky,21047,76393
Christian,Missouri,29043,2959
Churchill,Nevada,32001,175279
Citrus,Florida,12017,1866026
Clackamas,Oregon,41005,2249806
Claiborne,Louisiana,22027,142538
Claiborne,Mississippi,28021,104889
Clare,Michigan,26035,590636
Clarendon,South Carolina,45027,2022591
Clarion,Pennsylvania,42031,358883
Clark,Arkansas,5019,331631
Clark,Illinois,17023,32005
Clark,Indiana,18019,258630
Clark,Kentucky,21049,117878
Clark,Missouri,29045,926
Clark,Nevada,32003,3197633
Clark,Ohio,39023,494803
Clark,Wisconsin,55019,64723
Clarke,Alabama,1025,1686
Clarke,Georgia,13059,242955
Clarke,Iowa,19039,14180
Clarke,Mississippi,28023,70460
Clarke,Virginia,51043,292063
Clay,Arkansas,5021,81456
Clay,Florida,12019,5029453
Clay,Georgia,13061,20168
Clay,Illinois,17025,13824
Clay,Indiana,18021,238095
Clay,Iowa,19041,16581
Clay,Kansas,20027,10922
Clay,Kentucky,21051,69631
Clay,Minnesota,27027,64795
Clay,Mississippi,28025,48657
Clay,Missouri,29047,1063055
Clay,North Carolina,37043,1161
Clay,Tennessee,47027,147192
Clay,West Virginia,54015,2253163
Clayton,Georgia,13063,964455
Clayton,Iowa,19043,60381
Clear Creek,Colorado,8019,21596
Clearfield,Pennsylvania,42033,438291
Clearwater,Idaho,16035,264787
Cleburne,Arkansas,5023,174699
Clermont,Ohio,39025,1999394
Cleveland,Arkansas,5025,149940
Cleveland,North Carolina,37045,562605
Cleveland,Oklahoma,40027,681148
Clinch,Georgia,13065,91969
Clinton,Illinois,17027,277548
Clinton,Indiana,18023,359847
Clinton,Iowa,19045,190502
Clinton,Kentucky,21053,3276
Clinton,Michigan,26037,401169
Clinton,Missouri,29049,78557
Clinton,New York,36019,330753
Clinton,Ohio,39027,300397
Clinton,Pennsylvania,42035,358269
Cloud,Kansas,20029,9090
Coahoma,Mississippi,28027,89510
Coal,Oklahoma,40029,91249
Cobb,Georgia,13067,1583719
Cochran,Texas,48079,3407
Coffee,Alabama,1031,122419
Coffee,Georgia,13069,20873
Coffee,Tennessee,47031,564
Coffey,Kansas,20031,17689
Cole,Missouri,29051,165844
Coles,Illinois,17029,320724
Colfax,Nebraska,31037,15789
Colleton,South Carolina,45029,3812059
Collier,Florida,12021,3483897
Collingsworth,Texas,48087,45979
Colonial Heights,Virginia,51570,132998
Colorado,Texas,48089,125643
Colquitt,Georgia,13071,44563
Columbia,Arkansas,5027,428613
Columbia,Florida,12023,1849139
Columbia,Georgia,13073,523083
Columbia,New York,36021,1319986
Columbia,Pennsylvania,42037,386812
Columbia,Wisconsin,55021,3962
Columbiana,Ohio,39029,738758
Columbus,North Carolina,37047,7202975
Comal,Texas,48091,56233
Comanche,Oklahoma,40031,1001103
Concordia,Louisiana,22029,173057
Conecuh,Alabama,1035,10337
Conejos,Colorado,8021,178259
Conway,Arkansas,5029,118731
Cook,Georgia,13075,43119
Cook,Illinois,17031,9389472
Cooper,Missouri,29053,67928
Coos,New Hampshire,33007,256721
Coosa,Alabama,1037,95969
Copiah,Mississippi,28029,683721
Cortland,New York,36023,218516
Coshocton,Ohio,39031,167246
Costilla,Colorado,8023,24824
Cotton,Oklahoma,40033,263503
Covington,Alabama,1039,125169
Covington,Mississippi,28031,194703
Covington,Virginia,51580,55377
Coweta,Georgia,13077,104981
Cowley,Kansas,20035,85585
Craig,Oklahoma,40035,332623
Craig,Virginia,51045,39275
Craighead,Arkansas,5031,183756
Craven,North Carolina,37049,2523806
Crawford,Arkansas,5033,352775
Crawford,Georgia,13079,99074
Crawford,Illinois,17033,58159
Crawford,Indiana,18025,153596
Crawford,Iowa,19047,97989
Crawford,Kansas,20037,108908
Crawford,Michigan,26039,59692
Crawford,Missouri,29055,80031
Crawford,Ohio,39033,113871
Crawford,Pennsylvania,42039,667061
Crawford,Wisconsin,55023,2433
Creek,Oklahoma,40037,1385814
Crenshaw,Alabama,1041,73174
Crisp,Georgia,13081,152
Crittenden,Arkansas,5035,378682
Crittenden,Kentucky,21055,50613
Crockett,Tennessee,47033,12500
Crook,Wyoming,56011,346
Crosby,Texas,48107,7584
Cross,Arkansas,5037,183837
Crow Wing,Minnesota,27035,1054441
Crowley,Colorado,8025,2511
Culberson,Texas,48109,4170
Culpeper,Virginia,51047,426562
Cumberland,Illinois,17035,42009
Cumberland,Kentucky,21057,26816
Cumberland,Maine,23005,3485307
Cumberland,New Jersey,34011,801096
Cumberland,North Carolina,37051,8263565
Cumberland,Pennsylvania,42041,558085
Cumberland,Virginia,51049,145007
Currituck,North Carolina,37053,3210338
Curry,New Mexico,35009,82064
Custer,Colorado,8027,25331
Custer,Oklahoma,40039,444101
Custer,South Dakota,46033,26353
Cuyahoga,Ohio,39035,8615085
Dade,Georgia,13083,160173
Dade,Missouri,29057,36
Dakota,Minnesota,27037,338334
Dakota,Nebraska,31043,31462
Dale,Alabama,1045,30613
Dallam,Texas,48111,15236
Dallas,Alabama,1047,122149
Dallas,Arkansas,5039,243550
Dallas,Iowa,19049,238004
Dallas,Texas,48113,7
Dane,Wisconsin,55025,1083862
Danville,Virginia,51590,90
Dare,North Carolina,37055,3522061
Darke,Ohio,39037,137546
Darlington,South Carolina,45031,5713309
Dauphin,Pennsylvania,42043,805956
Davidson,North Carolina,37057,816338
Davidson,Tennessee,47037,3721268
Davie,North Carolina,37059,270629
Daviess,Indiana,18027,18636
Daviess,Kentucky,21059,390939
Daviess,Missouri,29061,248
Davis,Iowa,19051,7405
Dawes,Nebraska,31045,44052
Dawson,Georgia,13085,123691
Dawson,Nebraska,31047,22112
De Soto,Louisiana,22031,767930
De Witt,Illinois,17039,64677
DeKalb,Georgia,13089,4052095
DeKalb,Illinois,17037,139819
DeKalb,Indiana,18033,267841
DeKalb,Missouri,29063,47308
DeKalb,Tennessee,47041,1147
DeSoto,Florida,12027,240806
DeSoto,Mississippi,28033,418243
DeWitt,Texas,48123,70980
Deaf Smith,Texas,48117,47777
Dearborn,Indiana,18029,149709
Decatur,Georgia,13087,125015
Decatur,Indiana,18031,22255
Decatur,Iowa,19053,8655
Decatur,Kansas,20039,21735
Defiance,Ohio,39039,116699
Delaware,Indiana,18035,1183822
Delaware,Iowa,19055,55265
Delaware,New York,36025,977365
Delaware,Ohio,39041,1405085
Delaware,Oklahoma,40041,1039855
Delaware,Pennsylvania,42045,3649090
Delta,Michigan,26041,17662
Denali,Alaska,2068,9748
Denver,Colorado,8031,2507552
Des Moines,Iowa,19057,142071
Desha,Arkansas,5041,199548
Deuel,Nebraska,31049,3556
Dewey,Oklahoma,40043,48786
Dickenson,Virginia,51051,367724
Dickey,North Dakota,38021,3
Dickinson,Iowa,19059,107724
Dickinson,Kansas,20041,59898
Dickinson,Michigan,26043,37264
Dickson,Tennessee,47043,6229
Dillon,South Carolina,45033,4706788
Dinwiddie,Virginia,51053,411209
District of Columbia,District of Columbia,11001,3268173
Dixie,Florida,12029,960637
Dixon,Nebraska,31051,11135
Doddridge,West Virginia,54017,786714
Dodge,Georgia,13091,34632
Dodge,Minnesota,27039,28902
Dodge,Nebraska,31053,62938
Dodge,Wisconsin,55027,114548
Doniphan,Kansas,20043,14784
Donley,Texas,48129,6080
Dooly,Georgia,13093,17703
Door,Wisconsin,55029,135497
Dorchester,Maryland,24019,197068
Dorchester,South Carolina,45035,5630827
Dougherty,Georgia,13095,36728
Douglas,Colorado,8035,321274
Douglas,Georgia,13097,296774
Douglas,Illinois,17041,312602
Douglas,Kansas,20045,359599
Douglas,Minnesota,27041,682
Douglas,Nebraska,31055,2523417
Douglas,Nevada,32005,311882
Douglas,Wisconsin,55031,36257
Doña Ana,New Mexico,35013,895827
Drew,Arkansas,5043,349302
DuPage,Illinois,17043,1230896
Dubuque,Iowa,19061,286776
Dukes,Massachusetts,25007,95944
Dunklin,Missouri,29069,39306
Dunn,Wisconsin,55033,141602
Duplin,North Carolina,37061,2385000
Durham,North Carolina,37063,3264297
Dutchess,New York,36027,3363746
Duval,Florida,12031,53085295
Dyer,Tennessee,47045,19595
Eagle,Colorado,8037,276377
Early,Georgia,13099,10392
East Baton Rouge,Louisiana,22033,11397159
East Carroll,Louisiana,22035,121730
East Feliciana,Louisiana,22037,438369
Eaton,Michigan,26045,314315
Eau Claire,Wisconsin,55035,187282
Echols,Georgia,13101,88912
Eddy,New Mexico,35015,242093
Edgar,Illinois,17045,35740
Edgecombe,North Carolina,37065,353383
Edgefield,South Carolina,45037,31672
Edmonson,Kentucky,21061,1585
Edwards,Illinois,17047,12070
Edwards,Kansas,20047,43478
Effingham,Georgia,13103,6793501
Effingham,Illinois,17049,56163
El Paso,Colorado,8041,1279264
El Paso,Texas,48141,2158263
Elbert,Colorado,8039,3020
Elbert,Georgia,13105,4799
Elk,Kansas,20049,36276
Elk,Pennsylvania,42047,228718
Elkhart,Indiana,18039,1077540
Elko,Nevada,32007,446445
Elliott,Kentucky,21063,1407
Ellis,Kansas,20051,561339
Ellis,Oklahoma,40045,98721
Ellsworth,Kansas,20053,249
Elmore,Alabama,1051,191468
Elmore,Idaho,16039,45975
Emanuel,Georgia,13107,170268
Emmet,Iowa,19063,14141
Emmet,Michigan,26047,134056
Emporia,Virginia,51595,28253
Erie,New York,36029,3578648
Erie,Ohio,39043,453648
Erie,Pennsylvania,42049,1741943
Escambia,Alabama,1053,291
Escambia,Florida,12033,2068888
Esmeralda,Nevada,32009,6965
Essex,Massachusetts,25009,2743490
Essex,New Jersey,34013,3500846
Essex,New York,36031,486675
Essex,Vermont,50009,131394
Essex,Virginia,51057,238421
Estill,Kentucky,21065,68728
Eureka,Nevada,32011,10681
Evangeline,Louisiana,22039,237443
Evans,Georgia,13109,445750
Fairbanks North Star,Alaska,2090,90850
Fairfax,Virginia,51059,4929549
Fairfax City,Virginia,51600,117620
Fairfield,Connecticut,9001,4887375
Fairfield,Ohio,39045,1351831
Fairfield,South Carolina,45039,172032
Fall River,South Dakota,46047,15811
Falls,Texas,48145,6534
Falls Church,Virginia,51610,77728
Fannin,Georgia,13111,2619
Faribault,Minnesota,27043,147
Faulkner,Arkansas,5045,586221
Fauquier,Virginia,51061,865611
Fayette,Georgia,13113,83001
Fayette,Illinois,17051,120624
Fayette,Indiana,18041,139661
Fayette,Iowa,19065,96298
Fayette,Kentucky,21067,1067424
Fayette,Ohio,39047,182693
Fayette,Pennsylvania,42051,1029929
Fayette,Texas,48149,16135
Fayette,West Virginia,54019,1535174
Ferry,Washington,53019,142922
Fillmore,Nebraska,31059,644
Flagler,Florida,12035,13984427
Flathead,Montana,30029,639779
Fleming,Kentucky,21069,12937
Florence,South Carolina,45041,16305052
Florence,Wisconsin,55037,69630
Floyd,Georgia,13115,412714
Floyd,Indiana,18043,323838
Floyd,Iowa,19067,45665
Floyd,Kentucky,21071,721612
Floyd,Texas,48153,17921
Floyd,Virginia,51063,269664
Fluvanna,Virginia,51065,181814
Fond du Lac,Wisconsin,55039,58823
Ford,Illinois,17053,41021
Forest,Pennsylvania,42053,203317
Forest,Wisconsin,55041,243710
Forrest,Mississippi,28035,131067
Forsyth,Georgia,13117,75345
Forsyth,North Carolina,37067,3681041
Fountain,Indiana,18045,69535
Franklin,Arkansas,5047,26925
Franklin,Florida,12037,361928
Franklin,Georgia,13119,22126
Franklin,Idaho,16041,292
Franklin,Illinois,17055,219790
Franklin,Indiana,18047,57907
Franklin,Iowa,19069,39510
Franklin,Kansas,20059,86012
Franklin,Kentucky,21073,119225
Franklin,Louisiana,22041,64796
Franklin,Maine,23007,585388
Franklin,Massachusetts,25011,423007
Franklin,Mississippi,28037,273069
Franklin,Missouri,29071,633415
Franklin,New York,36033,374721
Franklin,North Carolina,37069,2440671
Franklin,Ohio,39049,7638507
Franklin,Pennsylvania,42055,303203
Franklin,Texas,48159,76872
Franklin,Vermont,50011,268297
Franklin,Virginia,51067,1846201
Franklin,Washington,53021,1785
Frederick,Maryland,24021,1123243
Frederick,Virginia,51069,481608
Fredericksburg,Virginia,51630,118889
Freeborn,Minnesota,27047,5295
Freestone,Texas,48161,1
Fremont,Colorado,8043,46729
Fremont,Iowa,19071,24313
Fresno,California,6019,180329
Fulton,Arkansas,5049,54128
Fulton,Georgia,13121,4968728
Fulton,Illinois,17057,106661
Fulton,Indiana,18049,45846
Fulton,Kentucky,21075,919
Fulton,New York,36035,627503
Fulton,Ohio,39051,70030
Fulton,Pennsylvania,42057,65515
Furnas,Nebraska,31065,7488
Gadsden,Florida,12039,1804111
Gaines,Texas,48165,83482
Galax,Virginia,51640,26698
Gallatin,Illinois,17059,25205
Gallatin,Kentucky,21077,8527
Gallia,Ohio,39053,314472
Galveston,Texas,48167,82607
Garden,Nebraska,31069,13824
Garfield,Colorado,8045,315844
Garfield,Oklahoma,40047,259486
Garfield,Washington,53023,426
Garland,Arkansas,5051,3363773
Garrard,Kentucky,21079,18364
Garrett,Maryland,24023,293438
Garvin,Oklahoma,40049,118832
Garza,Texas,48169,2555
Gasconade,Missouri,29073,34219
Gaston,North Carolina,37071,2333314
Gates,North Carolina,37073,175939
Geary,Kansas,20061,88870
Geauga,Ohio,39055,874193
Gem,Idaho,16045,98913
Genesee,Michigan,26049,2865010
Genesee,New York,36037,126608
Geneva,Alabama,1061,19612
Gentry,Missouri,29075,13875
George,Mississippi,28039,14894
Georgetown,South Carolina,45043,3562815
Gibson,Indiana,18051,355141
Gibson,Tennessee,47053,4289
Gila,Arizona,4007,42565
Gilchrist,Florida,12041,784255
Giles,Virginia,51071,417223
Gilmer,Georgia,13123,702551
Gilmer,West Virginia,54021,325360
Gilpin,Colorado,8047,10059
Glades,Florida,12043,49867
Gladwin,Michigan,26051,400688
Glascock,Georgia,13125,34420
Gloucester,New Jersey,34015,1538809
Gloucester,Virginia,51073,704535
Glynn,Georgia,13127,9068406
Gogebic,Michigan,26053,348935
Goliad,Texas,48175,9629
Gonzales,Texas,48177,95537
Goochland,Virginia,51075,1691462
Goodhue,Minnesota,27049,440027
Gooding,Idaho,16047,73805
Gordon,Georgia,13129,104874
Gove,Kansas,20063,7088
Grady,Georgia,13131,199
Grady,Oklahoma,40051,619813
Grafton,New Hampshire,33009,503522
Graham,Kansas,20065,3566
Graham,North Carolina,37075,301244
Grainger,Tennessee,47057,73639
Grand Forks,North Dakota,38035,224378
Grand Isle,Vermont,50013,33432
Grand Traverse,Michigan,26055,75482
Grant,Arkansas,5053,344110
Grant,Indiana,18053,527825
Grant,Kentucky,21081,41478
Grant,Louisiana,22043,713415
Grant,Minnesota,27051,390
Grant,New Mexico,35017,390253
Grant,Oklahoma,40053,112290
Grant,Washington,53025,172
Grant,West Virginia,54023,406090
Grant,Wisconsin,55043,158985
Granville,North Carolina,37077,705451
Gratiot,Michigan,26057,559139
Graves,Kentucky,21083,280
Gray,Texas,48179,36856
Grayson,Kentucky,21085,34123
Grayson,Virginia,51077,1016614
Green,Kentucky,21087,2751
Green,Wisconsin,55045,111137
Green Lake,Wisconsin,55047,5488
Greenbrier,West Virginia,54025,7269439
Greene,Arkansas,5055,11191
Greene,Georgia,13133,105571
Greene,Illinois,17061,54139
Greene,Indiana,18055,129988
Greene,Iowa,19073,25459
Greene,Mississippi,28041,13995
Greene,Missouri,29077,342050
Greene,New York,36039,606231
Greene,North Carolina,37079,775459
Greene,Ohio,39057,569841
Greene,Pennsylvania,42059,622696
Greene,Tennessee,47059,176
Greene,Virginia,51079,96370
Greensville,Virginia,51081,313895
Greenup,Kentucky,21089,165699
Greenville,South Carolina,45045,4194005
Greenwood,Kansas,20073,212275
Greenwood,South Carolina,45047,300995
Greer,Oklahoma,40055,9101
Gregg,Texas,48183,1472962
Grenada,Mississippi,28043,171202
Griggs,North Dakota,38039,4
Grimes,Texas,48185,729222
Grundy,Illinois,17063,66616
Grundy,Iowa,19075,70873
Grundy,Missouri,29079,2320
Guadalupe,Texas,48187,284254
Guernsey,Ohio,39059,177391
Guilford,North Carolina,37081,2144283
Gulf,Florida,12045,94323
Gunnison,Colorado,8051,25497
Guthrie,Iowa,19077,21049
Gwinnett,Georgia,13135,1204035
Habersham,Georgia,13137,156286
Hale,Texas,48189,60642
Halifax,North Carolina,37083,371378
Halifax,Virginia,51083,1036169
Hall,Georgia,13139,484211
Hall,Texas,48191,48921
Hamblen,Tennessee,47063,1018
Hamilton,Florida,12047,548603
Hamilton,Illinois,17065,22869
Hamilton,Indiana,18057,1269243
Hamilton,Iowa,19079,20359
Hamilton,Nebraska,31081,24107
Hamilton,New York,36041,1172713
Hamilton,Ohio,39061,6363937
Hampden,Massachusetts,25013,731801
Hampshire,Massachusetts,25015,509863
Hampshire,West Virginia,54027,606498
Hampton,South Carolina,45049,1506948
Hampton,Virginia,51650,2773556
Hancock,Georgia,13141,103456
Hancock,Illinois,17067,32009
Hancock,Indiana,18059,166690
Hancock,Iowa,19081,40955
Hancock,Kentucky,21091,77446
Hancock,Maine,23009,3777430
Hancock,Mississippi,28045,29304
Hancock,Ohio,39063,218232
Hancock,West Virginia,54029,416540
Hanover,Virginia,51085,3374521
Hansford,Texas,48195,11974
Hanson,South Dakota,46061,9306
Haralson,Georgia,13143,80635
Hardee,Florida,12049,96480
Hardin,Iowa,19083,109253
Hardin,Kentucky,21093,172423
Hardin,Ohio,39065,163359
Hardin,Texas,48199,687408
Hardy,West Virginia,54031,659594
Harford,Maryland,24025,708160
Harlan,Kentucky,21095,335677
Harlan,Nebraska,31083,25464
Harmon,Oklahoma,40057,41551
Harnett,North Carolina,37085,9406847
Harper,Oklahoma,40059,55292
Harris,Georgia,13145,44828
Harris,Texas,48201,92050
Harrison,Indiana,18061,31296
Harrison,Iowa,19085,102818
Harrison,Kentucky,21097,71125
Harrison,Mississippi,28047,376483
Harrison,Missouri,29081,22951
Harrison,Ohio,39067,268547
Harrison,Texas,48203,430793
Harrison,West Virginia,54033,2513228
Harrisonburg,Virginia,51660,128
Hart,Georgia,13147,20307
Hart,Kentucky,21099,80684
Hartford,Connecticut,9003,2931940
Hartley,Texas,48205,12018
Harvey,Kansas,20079,209259
Haskell,Oklahoma,40061,12477
Hawkins,Tennessee,47073,191343
Hays,Texas,48209,2085
Haywood,North Carolina,37087,392746
Haywood,Tennessee,47075,8
Heard,Georgia,13149,32504
Hemphill,Texas,48211,5510
Hempstead,Arkansas,5057,130825
Henderson,Illinois,17071,94292
Henderson,Kentucky,21101,121938
Henderson,North Carolina,37089,1484660
Henderson,Texas,48213,13010
Hendricks,Indiana,18063,186134
Hendry,Florida,12051,184377
Hennepin,Minnesota,27053,3079573
Henrico,Virginia,51087,18298048
Henry,Georgia,13151,431278
Henry,Illinois,17073,118392
Henry,Indiana,18065,123700
Henry,Iowa,19087,207443
Henry,Kentucky,21103,25179
Henry,Missouri,29083,79030
Henry,Ohio,39069,31465
Henry,Virginia,51089,997839
Herkimer,New York,36043,1174260
Hernando,Florida,12053,1212249
Hertford,North Carolina,37091,286737
Hickman,Kentucky,21105,23252
Hickman,Tennessee,47081,1320
Hickory,Missouri,29085,3248
Hidalgo,New Mexico,35023,16490
Highland,Ohio,39071,306139
Highland,Virginia,51091,55020
Highlands,Florida,12055,491209
Hillsborough,Florida,12057,6228682
Hillsborough,New Hampshire,33011,2277613
Hillsdale,Michigan,26059,281878
Hinds,Mississippi,28049,3492202
Hinsdale,Colorado,8053,635
Hocking,Ohio,39073,890231
Hockley,Texas,48219,21978
Hodgeman,Kansas,20083,4150
Hoke,North Carolina,37093,1792766
Holmes,Florida,12059,138728
Holmes,Mississippi,28051,153115
Holmes,Ohio,39075,114313
Holt,Missouri,29087,157948
Holt,Nebraska,31089,9061
Hopewell,Virginia,51670,177060
Hopkins,Kentucky,21107,205834
Hopkins,Texas,48223,4044
Horry,South Carolina,45051,31213458
Hot Spring,Arkansas,5059,1566509
Houghton,Michigan,26061,115116
Houston,Alabama,1069,25484
Houston,Georgia,13153,356660
Houston,Minnesota,27055,25595
Houston,Texas,48225,114
Howard,Arkansas,5061,85705
Howard,Indiana,18067,3335678
Howard,Iowa,19089,48529
Howard,Maryland,24027,1903232
Howard,Missouri,29089,67832
Hubbard,Minnesota,27057,1677114
Hudson,New Jersey,34017,1319754
Hudspeth,Texas,48229,14968
Hughes,Oklahoma,40063,315288
Humboldt,Iowa,19091,130533
Humboldt,Nevada,32013,130046
Humphreys,Mississippi,28053,76550
Hunt,Texas,48231,1059
Hunterdon,New Jersey,34019,3464730
Huntingdon,Pennsylvania,42061,139114
Huntington,Indiana,18069,112778
Huron,Michigan,26063,23545
Huron,Ohio,39077,114069
Hutchinson,Texas,48233,92891
Iberia,Louisiana,22045,525254
Iberville,Louisiana,22047,296734
Ida,Iowa,19093,36273
Idaho,Idaho,16049,173983
Imperial,California,6025,26364
Independence,Arkansas,5063,544299
Indian River,Florida,12061,6111929
Indiana,Pennsylvania,42063,471041
Ingham,Michigan,26065,1181462
Inyo,California,6027,104621
Ionia,Michigan,26067,410917
Iosco,Michigan,26069,334291
Iowa,Iowa,19095,266677
Iowa,Wisconsin,55049,8858
Iredell,North Carolina,37097,794659
Iron,Michigan,26071,117703
Iron,Missouri,29093,80196
Iron,Wisconsin,55051,98505
Iroquois,Illinois,17075,135113
Irwin,Georgia,13155,13424
Isabella,Michigan,26073,146430
Island,Washington,53029,1045616
Isle of Wight,Virginia,51093,384223
Itasca,Minnesota,27061,2063258
Izard,Arkansas,5065,152633
Jackson,Arkansas,5067,94238
Jackson,Florida,12063,160179
Jackson,Georgia,13157,215474
Jackson,Illinois,17077,186848
Jackson,Indiana,18071,118555
Jackson,Iowa,19097,802
Jackson,Kansas,20085,23202
Jackson,Kentucky,21109,269
Jackson,Louisiana,22049,181372
Jackson,Michigan,26075,1102875
Jackson,Minnesota,27063,3679
Jackson,Mississippi,28059,172297
Jackson,Missouri,29095,2337338
Jackson,North Carolina,37099,695714
Jackson,Ohio,39079,359825
Jackson,Oklahoma,40065,76003
Jackson,Tennessee,47087,1886
Jackson,West Virginia,54035,1372800
Jackson,Wisconsin,55053,4623
James City,Virginia,51095,1287687
Jasper,Georgia,13159,92490
Jasper,Illinois,17079,67673
Jasper,Indiana,18073,46997
Jasper,Iowa,19099,158543
Jasper,Mississippi,28061,175017
Jasper,Missouri,29097,339488
Jasper,South Carolina,45053,2248174
Jasper,Texas,48241,212
Jay,Indiana,18075,105034
Jeff Davis,Georgia,13161,7113
Jefferson,Arkansas,5069,1590570
Jefferson,Colorado,8059,1913943
Jefferson,Florida,12065,1251706
Jefferson,Georgia,13163,134556
Jefferson,Illinois,17081,339587
Jefferson,Indiana,18077,203840
Jefferson,Iowa,19101,107216
Jefferson,Kansas,20087,52066
Jefferson,Kentucky,21111,2251455
Jefferson,Louisiana,22051,2633527
Jefferson,Mississippi,28063,24035
Jefferson,Missouri,29099,2439022
Jefferson,New York,36045,396683
Jefferson,Ohio,39081,486827
Jefferson,Oklahoma,40067,62224
Jefferson,Pennsylvania,42065,383858
Jefferson,Tennessee,47089,18373
Jefferson,Texas,48245,2136323
Jefferson,West Virginia,54037,423152
Jefferson,Wisconsin,55055,199913
Jefferson Davis,Louisiana,22053,193183
Jefferson Davis,Mississippi,28065,151340
Jenkins,Georgia,13165,20481
Jennings,Indiana,18079,39955
Jerome,Idaho,16053,91291
Jersey,Illinois,17083,69834
Jessamine,Kentucky,21113,69873
Jo Daviess,Illinois,17085,64583
Johnson,Arkansas,5071,1072
Johnson,Georgia,13167,16989
Johnson,Illinois,17087,50498
Johnson,Indiana,18081,214778
Johnson,Iowa,19103,455172
Johnson,Kansas,20091,2023571
Johnson,Kentucky,21115,186093
Johnson,Missouri,29101,136646
Johnson,Nebraska,31097,47055
Johnston,North Carolina,37101,13211563
Johnston,Oklahoma,40069,226680
Jones,Georgia,13169,100984
Jones,Iowa,19105,78624
Jones,Mississippi,28067,123617
Jones,North Carolina,37103,379024
Juneau,Wisconsin,55057,60354
Juniata,Pennsylvania,42067,188897
Kalamazoo,Michigan,26077,921717
Kalkaska,Michigan,26079,104222
Kanawha,West Virginia,54039,6681123
Kandiyohi,Minnesota,27067,49955
Kane,Illinois,17089,257667
Kankakee,Illinois,17091,462687
Karnes,Texas,48255,3628
Kaufman,Texas,48257,2705
Kay,Oklahoma,40071,1894
Keith,Nebraska,31101,6504
Kemper,Mississippi,28069,10671
Kenai Peninsula,Alaska,2122,592349
Kendall,Illinois,17093,99979
Kendall,Texas,48259,168
Kennebec,Maine,23011,2413499
Kenosha,Wisconsin,55059,440051
Kent,Delaware,10001,754142
Kent,Maryland,24029,142444
Kent,Michigan,26081,2633185
Kent,Rhode Island,44003,1362371
Kenton,Kentucky,21117,1139909
Keokuk,Iowa,19107,48409
Kern,California,6029,1883785
Kershaw,South Carolina,45055,689644
Kewaunee,Wisconsin,55061,38234
Keweenaw,Michigan,26083,27
King,Washington,53033,14491660
King George,Virginia,51099,322618
King William,Virginia,51101,312711
King and Queen,Virginia,51097,179508
Kingfisher,Oklahoma,40073,155493
Kingman,Kansas,20095,7394
Kings,California,6031,471496
Kings,New York,36047,1470253
Kiowa,Oklahoma,40075,101723
Kitsap,Washington,53035,8768095
Kittitas,Washington,53037,165871
Knott,Kentucky,21119,460160
Knox,Illinois,17095,420201
Knox,Indiana,18083,279009
Knox,Kentucky,21121,62528
Knox,Maine,23013,558924
Knox,Missouri,29103,3279
Knox,Nebraska,31107,18396
Knox,Ohio,39083,245647
Knox,Tennessee,47093,2812063
Koochiching,Minnesota,27071,508260
Kootenai,Idaho,16055,173051
Kosciusko,Indiana,18085,212907
Kossuth,Iowa,19109,71199
La Crosse,Wisconsin,55063,196940
La Plata,Colorado,8067,71796
LaGrange,Indiana,18087,94434
LaMoure,North Dakota,38045,1116
LaPorte,Indiana,18091,1396277
LaSalle,Illinois,17099,494363
LaSalle,Louisiana,22059,323964
Labette,Kansas,20099,120999
Lackawanna,Pennsylvania,42069,561451
Lafayette,Arkansas,5073,100694
Lafayette,Florida,12067,161682
Lafayette,Louisiana,22055,560641
Lafayette,Missouri,29107,110338
Lafayette,Wisconsin,55065,40613
Lafourche,Louisiana,22057,747410
Lake,Colorado,8065,694
Lake,Florida,12069,1599122
Lake,Illinois,17097,644531
Lake,Indiana,18089,3096038
Lake,Michigan,26085,134660
Lake,Minnesota,27075,314396
Lake,Montana,30047,55146
Lake,Ohio,39085,1642052
Lake,South Dakota,46079,2816
Lake,Tennessee,47095,491
Lamar,Georgia,13171,138761
Lamar,Mississippi,28073,115101
Lamb,Texas,48279,28989
Lamoille,Vermont,50015,183531
Lancaster,Pennsylvania,42071,1249841
Lancaster,South Carolina,45057,383807
Lancaster,Virginia,51103,181130
Lander,Nevada,32015,36958
Langlade,Wisconsin,55067,423857
Lanier,Georgia,13173,63995
Lapeer,Michigan,26087,418465
Laramie,Wyoming,56021,211837
Larimer,Colorado,8069,1576064
Larue,Kentucky,21123,27876
Latah,Idaho,16057,171055
Latimer,Oklahoma,40077,64445
Lauderdale,Mississippi,28075,139913
Laurel,Kentucky,21125,162897
Laurens,Georgia,13175,78469
Laurens,South Carolina,45059,333064
Lavaca,Texas,48285,113921
Lawrence,Arkansas,5075,76770
Lawrence,Illinois,17101,116802
Lawrence,Indiana,18093,384340
Lawrence,Kentucky,21127,573251
Lawrence,Mississippi,28077,208800
Lawrence,Missouri,29109,49517
Lawrence,Ohio,39087,460670
Lawrence,Pennsylvania,42073,237162
Lawrence,South Dakota,46081,67692
Le Flore,Oklahoma,40079,160719
Le Sueur,Minnesota,27079,147293
Lea,New Mexico,35025,207926
Leake,Mississippi,28079,55338
Leavenworth,Kansas,20103,281071
Lebanon,Pennsylvania,42075,685129
Lee,Arkansas,5077,44404
Lee,Florida,12071,2521382
Lee,Georgia,13177,29771
Lee,Illinois,17103,88389
Lee,Iowa,19111,79936
Lee,Kentucky,21129,186153
Lee,North Carolina,37105,2690121
Lee,South Carolina,45061,1850622
Lee,Texas,48287,171572
Leelanau,Michigan,26089,71005
Leflore,Mississippi,28083,113278
Lehigh,Pennsylvania,42077,1184168
Lemhi,Idaho,16059,173016
Lenawee,Michigan,26091,332340
Lenoir,North Carolina,37107,2405153
Leon,Florida,12073,5102775
Leon,Texas,48289,6228
Leslie,Kentucky,21131,489354
Letcher,Kentucky,21133,297230
Levy,Florida,12075,1514540
Lewis,Idaho,16061,36366
Lewis,Kentucky,21135,34697
Lewis,Missouri,29111,7071
Lewis,New York,36049,222068
Lewis,West Virginia,54041,1763686
Lexington,South Carolina,45063,1122199
Lexington,Virginia,51678,17053
Liberty,Florida,12077,202961
Liberty,Georgia,13179,2073974
Liberty,Texas,48291,1053558
Licking,Ohio,39089,756997
Limestone,Texas,48293,17001
Lincoln,Arkansas,5079,32415
Lincoln,Colorado,8073,68
Lincoln,Georgia,13181,32680
Lincoln,Idaho,16063,38394
Lincoln,Kansas,20105,7347
Lincoln,Kentucky,21137,19475
Lincoln,Louisiana,22061,222674
Lincoln,Maine,23015,931040
Lincoln,Mississippi,28085,154352
Lincoln,Missouri,29113,238925
Lincoln,Montana,30053,154370
Lincoln,Nebraska,31111,1293
Lincoln,New Mexico,35027,107010
Lincoln,North Carolina,37109,421834
Lincoln,Oklahoma,40081,125700
Lincoln,South Dakota,46083,29557
Lincoln,Washington,53043,120560
Lincoln,West Virginia,54043,1647889
Lincoln,Wisconsin,55069,682552
Linn,Iowa,19113,633677
Linn,Kansas,20107,67664
Linn,Missouri,29115,14226
Lipscomb,Texas,48295,11503
Litchfield,Connecticut,9005,1369365
Little River,Arkansas,5081,81217
Livingston,Illinois,17105,233766
Livingston,Kentucky,21139,8382
Livingston,Louisiana,22063,5059116
Livingston,Michigan,26093,934630
Livingston,Missouri,29117,7335
Livingston,New York,36051,322742
Logan,Arkansas,5083,122014
Logan,Colorado,8075,33234
Logan,Illinois,17107,287829
Logan,Kansas,20109,40126
Logan,Kentucky,21141,4915
Logan,Ohio,39091,215741
Logan,Oklahoma,40083,133962
Logan,West Virginia,54045,1238999
Long,Georgia,13183,458337
Lonoke,Arkansas,5085,468118
Lorain,Ohio,39093,941457
Los Angeles,California,6037,45038895
Loudon,Tennessee,47105,39649
Loudoun,Virginia,51107,1446146
Louisa,Iowa,19115,71334
Louisa,Virginia,51109,489265
Love,Oklahoma,40085,22979
Lowndes,Alabama,1085,39053
Lowndes,Georgia,13185,888491
Lowndes,Mississippi,28087,25397
Lubbock,Texas,48303,50709
Lucas,Iowa,19117,23248
Lucas,Ohio,39095,1302356
Lumpkin,Georgia,13187,222109
Luna,New Mexico,35029,99421
Lunenburg,Virginia,51111,157860
Luzerne,Pennsylvania,42079,490701
Lycoming,Pennsylvania,42081,628271
Lynchburg,Virginia,51680,860084
Lynn,Texas,48305,1325
Lyon,Iowa,19119,37211
Lyon,Kansas,20111,95364
Lyon,Kentucky,21143,53224
Lyon,Minnesota,27083,38497
Lyon,Nevada,32019,411144
Macomb,Michigan,26099,1890172
Macon,Georgia,13193,79178
Macon,Illinois,17115,530440
Macon,North Carolina,37113,905635
Macon,Tennessee,47111,402612
Macoupin,Illinois,17117,183157
Madison,Alabama,1089,1241405
Madison,Florida,12079,1305279
Madison,Georgia,13195,49073
Madison,Illinois,17119,1979343
Madison,Indiana,18095,357455
Madison,Iowa,19121,22731
Madison,Kentucky,21151,185692
Madison,Louisiana,22065,115521
Madison,Mississippi,28089,988098
Madison,Missouri,29123,9875
Madison,Nebraska,31119,29787
Madison,New York,36053,400454
Madison,North Carolina,37115,74857
Madison,Ohio,39097,197193
Madison,Tennessee,47113,400
Madison,Texas,48313,36414
Madison,Virginia,51113,115592
Magoffin,Kentucky,21153,145704
Mahaska,Iowa,19123,87263
Mahoning,Ohio,39099,829010
Major,Oklahoma,40093,26576
Manassas,Virginia,51683,145
Manassas Park,Virginia,51685,16242
Manatee,Florida,12081,1805931
Manistee,Michigan,26101,125680
Manitowoc,Wisconsin,55071,228353
Marathon,Wisconsin,55073,1173698
Maricopa,Arizona,4013,4343970
Maries,Missouri,29125,3420
Marinette,Wisconsin,55075,327109
Marion,Arkansas,5089,284604
Marion,Florida,12083,3932624
Marion,Georgia,13197,22677
Marion,Illinois,17121,379174
Marion,Indiana,18097,8364017
Marion,Iowa,19125,27249
Marion,Kansas,20115,71481
Marion,Kentucky,21155,29321
Marion,Mississippi,28091,134364
Marion,Missouri,29127,1134
Marion,Ohio,39101,140335
Marion,Oregon,41047,1466427
Marion,South Carolina,45067,5345639
Marion,Texas,48315,47284
Marion,West Virginia,54049,1225748
Marlboro,South Carolina,45069,930712
Marquette,Michigan,26103,209213
Marquette,Wisconsin,55077,2366
Marshall,Illinois,17123,129673
Marshall,Indiana,18099,130525
Marshall,Iowa,19127,217929
Marshall,Kansas,20117,61820
Marshall,Mississippi,28093,97
Marshall,Oklahoma,40095,48638
Marshall,Tennessee,47117,951
Marshall,West Virginia,54051,943225
Martin,Florida,12085,6269842
Martin,Indiana,18101,10673
Martin,Kentucky,21159,287107
Martin,Minnesota,27091,2830
Martin,North Carolina,37117,807573
Mason,Illinois,17125,99077
Mason,Kentucky,21161,50284
Mason,Michigan,26105,167083
Mason,Washington,53045,113
Mason,West Virginia,54053,590819
Massac,Illinois,17127,13885
Mathews,Virginia,51115,318309
Maury,Tennessee,47119,17402
Mayes,Oklahoma,40097,342791
McClain,Oklahoma,40087,135189
McCook,South Dakota,46087,11537
McCormick,South Carolina,45065,17673
McCracken,Kentucky,21145,1718
McCreary,Kentucky,21147,76285
McCurtain,Oklahoma,40089,134080
McDonald,Missouri,29119,1553
McDonough,Illinois,17109,25142
McDowell,North Carolina,37111,404156
McDowell,West Virginia,54047,639848
McDuffie,Georgia,13189,247126
McHenry,Illinois,17111,228156
McIntosh,Georgia,13191,1346773
McIntosh,Oklahoma,40091,577882
McKean,Pennsylvania,42083,356125
McLean,Illinois,17113,362349
McLean,Kentucky,21149,77892
McLeod,Minnesota,27085,77387
McMinn,Tennessee,47107,533
McPherson,Kansas,20113,21570
Meade,Kentucky,21163,14306
Meade,South Dakota,46093,53901
Mecklenburg,North Carolina,37119,11316837
Mecklenburg,Virginia,51117,576386
Mecosta,Michigan,26107,454021
Medina,Ohio,39103,405935
Medina,Texas,48325,1735294
Meeker,Minnesota,27093,9819
Meigs,Ohio,39105,547328
Menard,Illinois,17129,43099
Menifee,Kentucky,21165,39414
Menominee,Michigan,26109,39645
Menominee,Wisconsin,55078,1267
Mercer,Illinois,17131,126922
Mercer,Kentucky,21167,68087
Mercer,Missouri,29129,1220
Mercer,New Jersey,34021,1507492
Mercer,Ohio,39107,46923
Mercer,Pennsylvania,42085,661761
Mercer,West Virginia,54055,766453
Meriwether,Georgia,13199,263873
Merrimack,New Hampshire,33013,1627913
Mesa,Colorado,8077,177146
Metcalfe,Kentucky,21169,328694
Miami,Indiana,18103,103618
Miami,Kansas,20121,113117
Miami,Ohio,39109,295002
Miami-Dade,Florida,12086,11476584
Middlesex,Connecticut,9007,1104271
Middlesex,Massachusetts,25017,7189067
Middlesex,New Jersey,34023,4581940
Middlesex,Virginia,51119,236088
Midland,Michigan,26111,307234
Mifflin,Pennsylvania,42087,277122
Milam,Texas,48331,1320
Miller,Arkansas,5091,262055
Miller,Georgia,13201,14314
Miller,Missouri,29131,49496
Mills,Iowa,19129,111987
Milwaukee,Wisconsin,55079,2933935
Miner,South Dakota,46097,1238
Mineral,Nevada,32021,25369
Mineral,West Virginia,54057,304910
Mingo,West Virginia,54059,1475203
Minidoka,Idaho,16067,49131
Minnehaha,South Dakota,46099,383090
Missaukee,Michigan,26113,246858
Mississippi,Arkansas,5093,470917
Mississippi,Missouri,29133,80960
Mitchell,Georgia,13205,39328
Mitchell,Iowa,19131,34894
Mitchell,North Carolina,37121,236783
Mobile,Alabama,1097,30
Mohave,Arizona,4015,158858
Moniteau,Missouri,29135,34220
Monmouth,New Jersey,34025,6228038
Mono,California,6051,323919
Monona,Iowa,19133,34934
Monongalia,West Virginia,54061,3559900
Monroe,Alabama,1099,17816
Monroe,Arkansas,5095,90170
Monroe,Florida,12087,78778
Monroe,Georgia,13207,177399
Monroe,Illinois,17133,427089
Monroe,Indiana,18105,1006169
Monroe,Iowa,19135,82433
Monroe,Kentucky,21171,159669
Monroe,Michigan,26115,143914
Monroe,Mississippi,28095,6583
Monroe,Missouri,29137,19082
Monroe,New York,36055,2384384
Monroe,Ohio,39111,106820
Monroe,Pennsylvania,42089,1330948
Monroe,Tennessee,47123,378341
Monroe,West Virginia,54063,1324442
Monroe,Wisconsin,55081,39480
Montcalm,Michigan,26117,686418
Montgomery,Alabama,1101,1494
Montgomery,Arkansas,5097,1541878
Montgomery,Georgia,13209,48356
Montgomery,Illinois,17135,148320
Montgomery,Indiana,18107,67557
Montgomery,Iowa,19137,50733
Montgomery,Kansas,20125,126598
Montgomery,Kentucky,21173,171831
Montgomery,Maryland,24031,3392483
Montgomery,Mississippi,28097,88397
Montgomery,Missouri,29139,41127
Montgomery,New York,36057,195962
Montgomery,North Carolina,37123,962457
Montgomery,Ohio,39113,1929542
Montgomery,Pennsylvania,42091,4121648
Montgomery,Tennessee,47125,89738
Montgomery,Texas,48339,9503442
Montgomery,Virginia,51121,1104774
Montmorency,Michigan,26119,29145
Montour,Pennsylvania,42093,87949
Moore,North Carolina,37125,6103332
Moore,Texas,48341,90661
Morehouse,Louisiana,22067,239494
Morgan,Colorado,8087,9604
Morgan,Georgia,13211,98260
Morgan,Illinois,17137,101280
Morgan,Indiana,18109,416210
Morgan,Kentucky,21175,31730
Morgan,Missouri,29141,97642
Morgan,Ohio,39115,338926
Morgan,Tennessee,47129,11142
Morgan,West Virginia,54065,519440
Morrill,Nebraska,31123,453
Morris,Kansas,20127,79649
Morris,New Jersey,34027,7986045
Morris,Texas,48343,38395
Morrison,Minnesota,27097,366525
Morrow,Ohio,39117,123887
Moultrie,Illinois,17139,24902
Mower,Minnesota,27099,221
Muhlenberg,Kentucky,21177,159562
Multnomah,Oregon,41051,4933067
Murray,Georgia,13213,145362
Murray,Minnesota,27101,8984
Murray,Oklahoma,40099,640384
Muscatine,Iowa,19139,13276
Muscogee,Georgia,13215,736468
Muskegon,Michigan,26121,740995
Muskingum,Ohio,39119,529376
Muskogee,Oklahoma,40101,1685668
Nantucket,Massachusetts,25019,118764
Nash,North Carolina,37127,3903346
Nassau,Florida,12089,1965699
Nassau,New York,36059,5847774
Natchitoches,Louisiana,22069,1505944
Navajo,Arizona,4017,106692
Nelson,Kentucky,21179,15872
Nelson,Virginia,51125,151065
Nemaha,Kansas,20131,14018
Nemaha,Nebraska,31127,25388
Neosho,Kansas,20133,10128
Neshoba,Mississippi,28099,362
Ness,Kansas,20135,6828
Nevada,Arkansas,5099,123084
New Castle,Delaware,10003,2886813
New Hanover,North Carolina,37129,6883101
New Haven,Connecticut,9009,2136069
New Kent,Virginia,51127,929013
New London,Connecticut,9011,2436536
New Madrid,Missouri,29143,91953
New York,New York,36061,389828
Newaygo,Michigan,26123,307254
Newberry,South Carolina,45071,49968
Newport,Rhode Island,44005,398836
Newport News,Virginia,51700,3048407
Newton,Arkansas,5101,5616
Newton,Georgia,13217,54130
Newton,Indiana,18111,157604
Newton,Mississippi,28101,148283
Newton,Missouri,29145,107896
Newton,Texas,48351,537
Nez Perce,Idaho,16069,190285
Niagara,New York,36063,650014
Nicholas,Kentucky,21181,15137
Nicholas,West Virginia,54067,2034065
Nicollet,Minnesota,27103,24270
Noble,Indiana,18113,89178
Noble,Ohio,39121,71580
Noble,Oklahoma,40103,74616
Nodaway,Missouri,29147,161650
Norfolk,Massachusetts,25021,3983477
Norfolk,Virginia,51710,6055744
Northampton,North Carolina,37131,215800
Northampton,Pennsylvania,42095,1722036
Northampton,Virginia,51131,304984
Northumberland,Pennsylvania,42097,345691
Northumberland,Virginia,51133,325135
Norton,Kansas,20137,626
Nottoway,Virginia,51135,159240
Nowata,Oklahoma,40105,198298
Noxubee,Mississippi,28103,36466
Nye,Nevada,32023,35037
O'Brien,Iowa,19141,19361
Oakland,Michigan,26125,2940995
Obion,Tennessee,47131,3742
Ocean,New Jersey,34029,8625542
Oceana,Michigan,26127,125291
Ochiltree,Texas,48357,12931
Oconee,Georgia,13219,56774
Oconee,South Carolina,45073,194378
Oconto,Wisconsin,55083,410690
Ogemaw,Michigan,26129,249668
Ogle,Illinois,17141,102538
Oglethorpe,Georgia,13221,20260
Ohio,Kentucky,21183,116054
Ohio,West Virginia,54069,641057
Okaloosa,Florida,12091,745837
Okeechobee,Florida,12093,606357
Okfuskee,Oklahoma,40107,45199
Oklahoma,Oklahoma,40109,3460759
Okmulgee,Oklahoma,40111,333922
Oktibbeha,Mississippi,28105,23734
Oldham,Kentucky,21185,303883
Oldham,Texas,48359,9657
Olmsted,Minnesota,27109,3140
Oneida,New York,36065,1666664
Oneida,Wisconsin,55085,3118745
Onondaga,New York,36067,2404371
Onslow,North Carolina,37133,3127954
Ontario,New York,36069,678786
Ontonagon,Michigan,26131,178983
Orange,California,6059,16581101
Orange,Florida,12095,7671624
Orange,Indiana,18117,72513
Orange,New York,36071,1961875
Orange,North Carolina,37135,852034
Orange,Texas,48361,947470
Orange,Vermont,50017,1050222
Orange,Virginia,51137,322603
Orangeburg,South Carolina,45075,2322124
Orleans,Louisiana,22071,4209813
Orleans,New York,36073,107358
Orleans,Vermont,50019,191999
Osage,Kansas,20139,120449
Osage,Missouri,29151,50494
Osage,Oklahoma,40113,254282
Osborne,Kansas,20141,7
Osceola,Florida,12097,490326
Osceola,Iowa,19143,2895
Osceola,Michigan,26133,362646
Oscoda,Michigan,26135,91498
Oswego,New York,36075,897968
Otero,Colorado,8089,22774
Otero,New Mexico,35035,219187
Otoe,Nebraska,31131,61264
Otsego,Michigan,26137,192131
Otsego,New York,36077,892510
Ottawa,Kansas,20143,54797
Ottawa,Michigan,26139,514975
Ottawa,Ohio,39123,248706
Ottawa,Oklahoma,40115,155516
Otter Tail,Minnesota,27111,527494
Ouachita,Arkansas,5103,595274
Ouachita,Louisiana,22073,1069911
Outagamie,Wisconsin,55087,461443
Overton,Tennessee,47133,71159
Owen,Indiana,18119,279430
Owen,Kentucky,21187,14478
Owsley,Kentucky,21189,653
Owyhee,Idaho,16073,21932
Oxford,Maine,23017,930978
Ozaukee,Wisconsin,55089,244151
Page,Iowa,19145,91740
Page,Virginia,51139,272990
Palm Beach,Florida,12099,11102475
Palo Alto,Iowa,19147,48028
Pamlico,North Carolina,37137,510112
Panola,Mississippi,28107,63875
Panola,Texas,48365,104681
Park,Colorado,8093,13234
Park,Montana,30067,80887
Parke,Indiana,18121,43355
Parmer,Texas,48369,25401
Pasco,Florida,12101,2951551
Pasquotank,North Carolina,37139,271248
Passaic,New Jersey,34031,2166519
Patrick,Virginia,51141,672222
Paulding,Georgia,13223,162716
Paulding,Ohio,39125,13435
Pawnee,Kansas,20145,58668
Pawnee,Nebraska,31133,50660
Pawnee,Oklahoma,40117,107096
Payette,Idaho,16075,60710
Payne,Oklahoma,40119,71965
Peach,Georgia,13225,68753
Pearl River,Mississippi,28109,135946
Pemiscot,Missouri,29155,171577
Pend Oreille,Washington,53051,188
Pender,North Carolina,37141,2017259
Pendleton,Kentucky,21191,25964
Pendleton,West Virginia,54071,517714
Pennington,South Dakota,46103,172038
Penobscot,Maine,23019,3867787
Peoria,Illinois,17143,892747
Pepin,Wisconsin,55091,56220
Perkins,Nebraska,31135,5804
Perquimans,North Carolina,37143,64688
Perry,Alabama,1105,1147
Perry,Arkansas,5105,99669
Perry,Illinois,17145,223328
Perry,Kentucky,21193,676973
Perry,Mississippi,28111,41986
Perry,Ohio,39127,325545
Perry,Pennsylvania,42099,355777
Pershing,Nevada,32027,60824
Person,North Carolina,37145,252814
Petersburg,Virginia,51730,270257
Pettis,Missouri,29159,4816
Philadelphia,Pennsylvania,42101,5200327
Phillips,Arkansas,5107,258966
Piatt,Illinois,17147,130878
Pickaway,Ohio,39129,247482
Pickens,Georgia,13227,295457
Pickens,South Carolina,45077,477888
Pierce,Georgia,13229,167008
Pierce,Washington,53053,1522444
Pierce,Wisconsin,55093,110730
Pike,Alabama,1109,141834
Pike,Arkansas,5109,348701
Pike,Georgia,13231,168249
Pike,Illinois,17149,47888
Pike,Indiana,18125,120002
Pike,Kentucky,21195,1166497
Pike,Mississippi,28113,257718
Pike,Missouri,29163,55146
Pike,Ohio,39131,274182
Pike,Pennsylvania,42103,1088384
Pima,Arizona,4019,2700722
Pinal,Arizona,4021,295763
Pine,Minnesota,27115,322337
Pinellas,Florida,12103,7163457
Pipestone,Minnesota,27117,19857
Piscataquis,Maine,23021,2040969
Pitkin,Colorado,8097,460868
Pitt,North Carolina,37147,957041
Pittsburg,Oklahoma,40121,1183481
Pittsylvania,Virginia,51143,765713
Placer,California,6061,489
Plaquemines,Louisiana,22075,375159
Platte,Missouri,29165,423364
Pleasants,West Virginia,54073,389572
Plymouth,Iowa,19149,111237
Plymouth,Massachusetts,25023,3216443
Pocahontas,Iowa,19151,35950
Pocahontas,West Virginia,54075,1346824
Poinsett,Arkansas,5111,352906
Pointe Coupee,Louisiana,22077,176552
Polk,Arkansas,5113,39526
Polk,Florida,12105,2040808
Polk,Georgia,13233,168234
Polk,Iowa,19153,1226162
Polk,Missouri,29167,53290
Polk,North Carolina,37149,129869
Polk,Oregon,41053,215383
Polk,Tennessee,47139,1651
Polk,Texas,48373,90401
Polk,Wisconsin,55095,102244
Pontotoc,Oklahoma,40123,374543
Pope,Arkansas,5115,592162
Pope,Minnesota,27121,3755
Poquoson,Virginia,51735,207425
Portage,Ohio,39133,767715
Portage,Wisconsin,55097,313885
Porter,Indiana,18127,1286717
Portsmouth,Virginia,51740,1707709
Posey,Indiana,18129,88421
Pottawatomie,Kansas,20149,36762
Pottawatomie,Oklahoma,40125,243966
Pottawattamie,Iowa,19155,406637
Potter,Pennsylvania,42105,175646
Potter,Texas,48375,246701
Powder River,Montana,30075,323
Powell,Kentucky,21197,55124
Power,Idaho,16077,43502
Poweshiek,Iowa,19157,98206
Powhatan,Virginia,51145,667910
Prairie,Arkansas,5117,202749
Pratt,Kansas,20151,1835
Preble,Ohio,39135,336064
Presque Isle,Michigan,26141,1239
Preston,West Virginia,54077,715822
Price,Wisconsin,55099,29840
Prince Edward,Virginia,51147,208529
Prince George,Virginia,51149,137284
Prince George's,Maryland,24033,3201510
Prince William,Virginia,51153,925926
Providence,Rhode Island,44007,2763837
Pueblo,Colorado,8101,133046
Pulaski,Arkansas,5119,8742659
Pulaski,Georgia,13235,12958
Pulaski,Illinois,17153,18115
Pulaski,Indiana,18131,30201
Pulaski,Kentucky,21199,36779
Pulaski,Virginia,51155,607414
Pushmataha,Oklahoma,40127,20760
Putnam,Florida,12107,4223539
Putnam,Georgia,13237,183152
Putnam,Illinois,17155,49053
Putnam,Indiana,18133,128004
Putnam,New York,36079,2228955
Putnam,Ohio,39137,40239
Putnam,West Virginia,54079,865722
Quay,New Mexico,35037,5542
Queen Anne's,Maryland,24035,281122
Queens,New York,36081,1425472
Quitman,Georgia,13239,4683
Quitman,Mississippi,28119,115366
Rabun,Georgia,13241,533442
Racine,Wisconsin,55101,660583
Radford,Virginia,51750,178
Rains,Texas,48379,193
Raleigh,West Virginia,54081,4333628
Ralls,Missouri,29173,30067
Ramsey,Minnesota,27123,1045792
Randall,Texas,48381,332518
Randolph,Arkansas,5121,18020
Randolph,Georgia,13243,30775
Randolph,Illinois,17157,365643
Randolph,Indiana,18135,273470
Randolph,Missouri,29175,400837
Randolph,North Carolina,37151,1260965
Randolph,West Virginia,54083,786594
Rankin,Mississippi,28121,796560
Ransom,North Dakota,38073,27753
Rapides,Louisiana,22079,1353755
Rappahannock,Virginia,51157,138800
Rawlins,Kansas,20153,8766
Ray,Missouri,29177,60065
Red River,Louisiana,22081,321275
Red River,Texas,48387,5658
Red Willow,Nebraska,31145,11915
Redwood,Minnesota,27127,15475
Reno,Kansas,20155,204712
Rensselaer,New York,36083,1205280
Renville,Minnesota,27129,4865
Reynolds,Missouri,29179,390
Rice,Kansas,20159,208586
Rice,Minnesota,27131,406923
Richardson,Nebraska,31147,20707
Richland,Illinois,17159,70380
Richland,Louisiana,22083,264031
Richland,North Dakota,38077,4137
Richland,Ohio,39139,426183
Richland,South Carolina,45079,3640273
Richland,Wisconsin,55103,67160
Richmond,Georgia,13245,611317
Richmond,New York,36085,432567
Richmond,North Carolina,37153,1742422
Richmond,Virginia,51159,100915
Richmond,Virginia,51760,8085449
Riley,Kansas,20161,134931
Ringgold,Iowa,19159,18828
Rio Grande,Colorado,8105,19156
Ripley,Indiana,18137,95754
Ritchie,West Virginia,54085,654580
Riverside,California,6065,11822871
Roane,Tennessee,47145,15344
Roane,West Virginia,54087,2228923
Roanoke,Virginia,51161,1918523
Roanoke,Virginia,51770,1941131
Roberts,Texas,48393,8539
Robertson,Kentucky,21201,2139
Robertson,Tennessee,47147,552529
Robertson,Texas,48395,81555
Robeson,North Carolina,37155,17080302
Rock,Minnesota,27133,376191
Rock,Nebraska,31149,4621
Rock,Wisconsin,55105,13192
Rock Island,Illinois,17161,1245423
Rockbridge,Virginia,51163,85708
Rockcastle,Kentucky,21203,39429
Rockdale,Georgia,13247,26697
Rockingham,New Hampshire,33015,2629057
Rockingham,North Carolina,37157,1514544
Rockingham,Virginia,51165,694003
Rockland,New York,36087,1513163
Roger Mills,Oklahoma,40129,19895
Rogers,Oklahoma,40131,711388
Rooks,Kansas,20163,6618
Roosevelt,New Mexico,35041,2001
Roscommon,Michigan,26143,404789
Ross,Ohio,39141,1037140
Rowan,Kentucky,21205,79873
Rowan,North Carolina,37159,1109316
Rush,Indiana,18139,162393
Rush,Kansas,20165,14240
Rusk,Texas,48401,399097
Rusk,Wisconsin,55107,32003
Russell,Kansas,20167,53354
Russell,Kentucky,21207,67890
Russell,Virginia,51167,631479
Rutherford,North Carolina,37161,847034
Rutherford,Tennessee,47149,450950
Rutland,Vermont,50021,579595
Sabine,Louisiana,22085,1939180
Sac,Iowa,19161,27278
Sacramento,California,6067,3114069
Sagadahoc,Maine,23023,833279
Saginaw,Michigan,26145,935376
Saguache,Colorado,8109,466
Salem,New Jersey,34033,712597
Salem,Virginia,51775,59
Saline,Arkansas,5125,1854950
Saline,Illinois,17165,60583
Saline,Kansas,20169,197588
Saline,Missouri,29195,35451
Saluda,South Carolina,45081,104245
Sampson,North Carolina,37163,7250212
San Bernardino,California,6071,14319550
San Diego,California,6073,12196621
San Jacinto,Texas,48407,763004
San Joaquin,California,6077,44
San Juan,Colorado,8111,54
San Miguel,New Mexico,35047,62530
Sanborn,South Dakota,46111,245
Sanders,Montana,30089,245
Sandoval,New Mexico,35043,723875
Sandusky,Ohio,39143,233449
Sangamon,Illinois,17167,411203
Sanilac,Michigan,26151,286338
Santa Barbara,California,6083,1731553
Santa Clara,California,6085,171459
Santa Cruz,Arizona,4023,69318
Santa Fe,New Mexico,35049,988029
Santa Rosa,Florida,12113,529546
Sarasota,Florida,12115,3087462
Saratoga,New York,36091,1936734
Sargent,North Dakota,38081,9087
Sarpy,Nebraska,31153,462869
Sauk,Wisconsin,55111,315230
Saunders,Nebraska,31155,110681
Sawyer,Wisconsin,55113,441016
Schenectady,New York,36093,931079
Schley,Georgia,13249,30271
Schoharie,New York,36095,249651
Schoolcraft,Michigan,26153,7342
Schuyler,Illinois,17169,2982
Schuyler,Missouri,29197,13713
Schuyler,New York,36097,182415
Schuylkill,Pennsylvania,42107,503337
Scioto,Ohio,39145,810403
Scotland,Missouri,29199,169
Scotland,North Carolina,37165,2508353
Scott,Arkansas,5127,62293
Scott,Illinois,17171,23700
Scott,Indiana,18143,59328
Scott,Iowa,19163,987064
Scott,Kentucky,21209,140591
Scott,Minnesota,27139,226428
Scott,Mississippi,28123,123498
Scott,Missouri,29201,104450
Scott,Virginia,51169,423511
Scotts Bluff,Nebraska,31157,37344
Screven,Georgia,13251,64109
Searcy,Arkansas,5129,36310
Sebastian,Arkansas,5131,1505920
Sedgwick,Kansas,20173,2339194
Seminole,Florida,12117,9930833
Seminole,Georgia,13253,4696
Seminole,Oklahoma,40133,191105
Seneca,New York,36099,123744
Seneca,Ohio,39147,70203
Sequoyah,Oklahoma,40135,311218
Sevier,Arkansas,5133,275684
Sevier,Tennessee,47155,4175420
Seward,Nebraska,31159,12788
Sharkey,Mississippi,28125,76907
Sharp,Arkansas,5135,152434
Shawano,Wisconsin,55115,44976
Shawnee,Kansas,20177,639044
Sheboygan,Wisconsin,55117,106836
Shelby,Illinois,17173,80615
Shelby,Indiana,18145,155354
Shelby,Iowa,19165,21448
Shelby,Kentucky,21211,40111
Shelby,Ohio,39149,110055
Shelby,Tennessee,47157,9582541
Shelby,Texas,48419,84290
Shenandoah,Virginia,51171,379981
Sherburne,Minnesota,27141,10608
Sheridan,Kansas,20179,22862
Sheridan,Nebraska,31161,27434
Sherman,Kansas,20181,51868
Sherman,Texas,48421,27813
Shiawassee,Michigan,26155,382878
Shoshone,Idaho,16079,139798
Sibley,Minnesota,27143,15024
Sierra,New Mexico,35051,182
Simpson,Kentucky,21213,2001
Simpson,Mississippi,28127,608084
Sioux,Iowa,19167,44323
Skagit,Washington,53057,2033355
Smith,Mississippi,28129,193867
Smith,Tennessee,47159,32409
Smith,Texas,48423,17737
Smyth,Virginia,51173,844209
Snohomish,Washington,53061,148
Snyder,Pennsylvania,42109,76100
Somerset,Maryland,24039,249706
Somerset,New Jersey,34035,2608766
Somerset,Pennsylvania,42111,343307
Southampton,Virginia,51175,192051
Southeast Fairbanks,Alaska,2240,187
Spalding,Georgia,13255,82977
Spartanburg,South Carolina,45083,2279080
Spencer,Kentucky,21215,12778
Spokane,Washington,53063,882102
Spotsylvania,Virginia,51177,854510
St. Bernard,Louisiana,22087,216976
St. Charles,Louisiana,22089,476297
St. Charles,Missouri,29183,959088
St. Clair,Illinois,17163,5322601
St. Clair,Michigan,26147,881469
St. Clair,Missouri,29185,24382
St. Francis,Arkansas,5123,152494
St. Francois,Missouri,29187,476581
St. Helena,Louisiana,22091,329320
St. James,Louisiana,22093,615388
St. John the Baptist,Louisiana,22095,2081637
St. Johns,Florida,12109,13315785
St. Joseph,Indiana,18141,2878621
St. Joseph,Michigan,26149,373257
St. Landry,Louisiana,22097,752433
St. Lawrence,New York,36089,383974
St. Louis,Minnesota,27137,10553592
St. Louis,Missouri,29189,14931910
St. Louis,Missouri,29510,3058126
St. Lucie,Florida,12111,8385630
St. Martin,Louisiana,22099,611827
St. Mary,Louisiana,22101,300432
St. Mary's,Maryland,24037,384933
St. Tammany,Louisiana,22103,1135540
Stafford,Kansas,20185,24023
Stafford,Virginia,51179,909576
Stanly,North Carolina,37167,441468
Stark,Illinois,17175,99912
Stark,Ohio,39151,1756976
Starke,Indiana,18149,57465
Staunton,Virginia,51790,185130
Ste. Genevieve,Missouri,29186,6050
Stearns,Minnesota,27145,220447
Steele,Minnesota,27147,387
Steele,North Dakota,38091,11
Stephens,Georgia,13257,43275
Stephens,Oklahoma,40137,345607
Stephenson,Illinois,17177,105454
Steuben,Indiana,18151,125133
Steuben,New York,36101,1102090
Stevens,Washington,53065,670231
Stewart,Georgia,13259,7151
Stoddard,Missouri,29207,139289
Stokes,North Carolina,37169,454006
Stone,Arkansas,5137,352917
Stone,Mississippi,28131,17145
Stone,Missouri,29209,17536
Storey,Nevada,32029,32985
Story,Iowa,19169,50678
Strafford,New Hampshire,33017,589954
Stutsman,North Dakota,38093,54
Suffolk,Massachusetts,25025,2899566
Suffolk,New York,36103,6723211
Suffolk,Virginia,51800,1324121
Sullivan,Indiana,18153,146542
Sullivan,Missouri,29211,8306
Sullivan,New Hampshire,33019,402605
Sullivan,New York,36105,1555853
Sullivan,Pennsylvania,42113,63690
Sullivan,Tennessee,47163,1465296
Summers,West Virginia,54089,616954
Summit,Colorado,8117,197758
Summit,Ohio,39153,1945540
Sumner,Kansas,20191,48401
Sumner,Tennessee,47165,788896
Sumter,Florida,12119,117126
Sumter,Georgia,13261,89530
Sumter,South Carolina,45085,6894727
Sunflower,Mississippi,28133,206175
Surry,North Carolina,37171,445527
Surry,Virginia,51181,70430
Susquehanna,Pennsylvania,42115,371931
Sussex,Delaware,10005,2155326
Sussex,New Jersey,34037,2753511
Sussex,Virginia,51183,102552
Suwannee,Florida,12121,530898
Swain,North Carolina,37173,399640
Swisher,Texas,48437,2581
Switzerland,Indiana,18155,14210
Talbot,Georgia,13263,47292
Talbot,Maryland,24041,319209
Taliaferro,Georgia,13265,4086
Talladega,Alabama,1121,4531
Tallahatchie,Mississippi,28135,285325
Tallapoosa,Alabama,1123,12580
Tama,Iowa,19171,81028
Taney,Missouri,29213,38634
Tangipahoa,Louisiana,22105,2855398
Tate,Mississippi,28137,204086
Tattnall,Georgia,13267,620214
Taylor,Florida,12123,2392197
Taylor,Georgia,13269,86775
Taylor,Iowa,19173,13897
Taylor,Kentucky,21217,11938
Taylor,West Virginia,54091,600128
Taylor,Wisconsin,55119,34846
Tazewell,Illinois,17179,561827
Tazewell,Virginia,51185,296416
Telfair,Georgia,13271,9040
Teller,Colorado,8119,19728
Tensas,Louisiana,22107,116107
Terrebonne,Louisiana,22109,491538
Terrell,Georgia,13273,26228
Terry,Texas,48445,4886
Thomas,Georgia,13275,145275
Thomas,Kansas,20193,42441
Thurston,Nebraska,31173,12664
Thurston,Washington,53067,2243067
Tift,Georgia,13277,138760
Tillman,Oklahoma,40141,182097
Tioga,New York,36107,467286
Tioga,Pennsylvania,42117,288977
Tippecanoe,Indiana,18157,459559
Tipton,Indiana,18159,312363
Tipton,Tennessee,47167,25426
Titus,Texas,48449,100787
Todd,Kentucky,21219,1818
Todd,Minnesota,27153,808872
Tolland,Connecticut,9013,1153229
Tompkins,New York,36109,448825
Toombs,Georgia,13279,49351
Traill,North Dakota,38097,1883
Transylvania,North Carolina,37175,231557
Travis,Texas,48453,2967943
Trego,Kansas,20195,3393
Trempealeau,Wisconsin,55121,29725
Treutlen,Georgia,13283,20662
Trigg,Kentucky,21221,2626
Trimble,Kentucky,21223,7059
Trinity,Texas,48455,158478
Troup,Georgia,13285,8551
Trousdale,Tennessee,47169,44130
Trumbull,Ohio,39155,883163
Tucker,West Virginia,54093,196248
Tulare,California,6107,2055810
Tulsa,Oklahoma,40143,8603910
Tunica,Mississippi,28143,313187
Tuolumne,California,6109,4104
Turner,Georgia,13287,72931
Turner,South Dakota,46125,10717
Tuscarawas,Ohio,39157,695094
Tuscola,Michigan,26157,67731
Twiggs,Georgia,13289,26340
Twin Falls,Idaho,16083,181851
Tyler,Texas,48457,490243
Tyler,West Virginia,54095,303716
Tyrrell,North Carolina,37177,501416
Ulster,New York,36111,2785918
Union,Arkansas,5139,1841449
Union,Florida,12125,189395
Union,Illinois,17181,23259
Union,Indiana,18161,83419
Union,Iowa,19175,10949
Union,Kentucky,21225,102694
Union,Louisiana,22111,235836
Union,New Jersey,34039,2372192
Union,New Mexico,35059,13416
Union,North Carolina,37179,1105460
Union,Ohio,39159,84558
Union,Pennsylvania,42119,137802
Union,South Carolina,45087,15638
Union,South Dakota,46127,115712
Union,Tennessee,47173,207572
Upshur,Texas,48459,163815
Upshur,West Virginia,54097,1106754
Upson,Georgia,13293,42531
Valencia,New Mexico,35061,641493
Valley,Idaho,16085,133825
Van Buren,Arkansas,5141,252
Van Buren,Iowa,19177,16685
Van Buren,Michigan,26159,711473
Van Wert,Ohio,39161,178505
Van Zandt,Texas,48467,50596
Vance,North Carolina,37181,497623
Venango,Pennsylvania,42121,314706
Ventura,California,6111,6530926
Vermilion,Illinois,17183,448954
Vermilion,Louisiana,22113,711428
Vermillion,Indiana,18165,104055
Vernon,Louisiana,22115,705272
Vernon,Missouri,29217,56980
Vernon,Wisconsin,55123,41496
Victoria,Texas,48469,1570
Vigo,Indiana,18167,1065518
Vilas,Wisconsin,55125,2677800
Vinton,Ohio,39163,366130
Virginia Beach,Virginia,51810,15314146
Volusia,Florida,12127,51051997
Wabash,Illinois,17185,13338
Wabash,Indiana,18169,117829
Wabasha,Minnesota,27157,295279
Wabaunsee,Kansas,20197,52385
Wadena,Minnesota,27159,88042
Wagoner,Oklahoma,40145,1575562
Wake,North Carolina,37183,30760377
Wakulla,Florida,12129,3911772
Waldo,Maine,23027,1154922
Walker,Georgia,13295,76779
Walker,Texas,48471,370985
Wallace,Kansas,20199,7705
Waller,Texas,48473,854242
Wallowa,Oregon,41063,3803
Walthall,Mississippi,28147,29210
Walton,Florida,12131,233313
Walton,Georgia,13297,42182
Walworth,Wisconsin,55127,366625
Wapello,Iowa,19179,100143
Ward,North Dakota,38101,67575
Ware,Georgia,13299,562763
Warren,Georgia,13301,49909
Warren,Illinois,17187,214456
Warren,Indiana,18171,33761
Warren,Iowa,19181,87097
Warren,Kentucky,21227,2399
Warren,Mississippi,28149,1900584
Warren,Missouri,29219,310580
Warren,New Jersey,34041,2040758
Warren,New York,36113,1156982
Warren,North Carolina,37185,296671
Warren,Ohio,39165,1836979
Warren,Pennsylvania,42123,481948
Warren,Tennessee,47177,20
Warren,Virginia,51187,816079
Warrick,Indiana,18173,38283
Waseca,Minnesota,27161,36259
Washburn,Wisconsin,55129,56613
Washington,Alabama,1129,7
Washington,Arkansas,5143,440993
Washington,Florida,12133,398424
Washington,Georgia,13303,13268
Washington,Idaho,16087,4454
Washington,Illinois,17189,140857
Washington,Indiana,18175,60108
Washington,Iowa,19183,88440
Washington,Kansas,20201,8519
Washington,Kentucky,21229,5117
Washington,Louisiana,22117,509854
Washington,Maine,23029,1053964
Washington,Maryland,24043,283146
Washington,Minnesota,27163,845187
Washington,Mississippi,28151,785310
Washington,Missouri,29221,231776
Washington,Nebraska,31177,158478
Washington,New York,36115,888791
Washington,North Carolina,37187,907832
Washington,Ohio,39167,525543
Washington,Oklahoma,40147,321573
Washington,Oregon,41067,2263154
Washington,Pennsylvania,42125,1649425
Washington,Rhode Island,44009,1248791
Washington,Tennessee,47179,39544
Washington,Texas,48477,154250
Washington,Vermont,50023,445753
Washington,Virginia,51191,858350
Washington,Wisconsin,55131,437083
Washita,Oklahoma,40149,164129
Washoe,Nevada,32031,2007877
Washtenaw,Michigan,26161,800422
Watauga,North Carolina,37189,821411
Watonwan,Minnesota,27165,1865
Waukesha,Wisconsin,55133,1375908
Waupaca,Wisconsin,55135,189881
Waushara,Wisconsin,55137,9541
Wayne,Georgia,13305,1084917
Wayne,Illinois,17191,1895
Wayne,Indiana,18177,288848
Wayne,Iowa,19185,21342
Wayne,Michigan,26163,1658750
Wayne,Mississippi,28153,49153
Wayne,New York,36117,585992
Wayne,North Carolina,37191,6324486
Wayne,Ohio,39169,308124
Wayne,Pennsylvania,42127,812499
Wayne,West Virginia,54099,3162437
Waynesboro,Virginia,51820,108073
Webster,Georgia,13307,5020
Webster,Iowa,19187,546033
Webster,Kentucky,21233,73384
Webster,Louisiana,22119,535017
Webster,Mississippi,28155,27256
Webster,Missouri,29225,9073
Webster,West Virginia,54101,1669996
Weld,Colorado,8123,3031550
Wells,Indiana,18179,31490
West Baton Rouge,Louisiana,22121,119350
West Carroll,Louisiana,22123,56881
West Feliciana,Louisiana,22125,275169
Westchester,New York,36119,3547827
Westmoreland,Pennsylvania,42129,2017387
Westmoreland,Virginia,51193,357390
Weston,Wyoming,56045,9139
Wetzel,West Virginia,54103,605839
Wexford,Michigan,26165,104318
Whatcom,Washington,53073,2854070
Wheeler,Georgia,13309,11675
Wheeler,Texas,48483,25981
White,Arkansas,5145,470956
White,Georgia,13311,150923
White,Illinois,17193,26028
White,Indiana,18181,157668
Whiteside,Illinois,17195,60141
Whitfield,Georgia,13313,158822
Whitley,Indiana,18183,31237
Whitley,Kentucky,21235,46700
Whitman,Washington,53075,169499
Wicomico,Maryland,24045,407478
Wilcox,Alabama,1131,99581
Wilcox,Georgia,13315,34611
Wilkes,Georgia,13317,12625
Wilkes,North Carolina,37193,3636048
Wilkin,Minnesota,27167,18946
Wilkinson,Georgia,13319,42204
Wilkinson,Mississippi,28157,252102
Will,Illinois,17197,586034
Williams,Ohio,39171,35550
Williamsburg,South Carolina,45089,2373349
Williamsburg,Virginia,51830,257236
Williamson,Illinois,17199,212615
Williamson,Tennessee,47187,471460
Williamson,Texas,48491,146461
Wilson,Kansas,20205,20299
Wilson,North Carolina,37195,320525
Wilson,Tennessee,47189,392764
Wilson,Texas,48493,31759
Winchester,Virginia,51840,169198
Windham,Connecticut,9015,3078839
Windham,Vermont,50025,863824
Windsor,Vermont,50027,1270547
Winn,Louisiana,22127,246627
Winnebago,Illinois,17201,270529
Winnebago,Iowa,19189,25231
Winnebago,Wisconsin,55139,237470
Winneshiek,Iowa,19191,78413
Winona,Minnesota,27169,39648
Winston,Mississippi,28159,18
Wirt,West Virginia,54105,481230
Wise,Virginia,51195,389904
Wolfe,Kentucky,21237,2419
Wood,Ohio,39173,213133
Wood,Texas,48499,160440
Wood,West Virginia,54107,1078638
Wood,Wisconsin,55141,345630
Woodbury,Iowa,19193,833470
Woodford,Illinois,17203,159580
Woodford,Kentucky,21239,107259
Woodruff,Arkansas,5147,42669
Woods,Oklahoma,40151,36822
Woodson,Kansas,20207,20283
Woodward,Oklahoma,40153,43772
Worcester,Maryland,24047,609608
Worcester,Massachusetts,25027,3584457
Worth,Georgia,13321,9050
Worth,Iowa,19195,40792
Worth,Missouri,29227,13037
Wright,Iowa,19197,173235
Wright,Minnesota,27171,518908
Wyandot,Ohio,39175,84567
Wyandotte,Kansas,20209,901099
Wyoming,New York,36121,287397
Wyoming,Pennsylvania,42131,429553
Wyoming,West Virginia,54109,594401
Wythe,Virginia,51197,377209
Yadkin,North Carolina,37197,632168
Yalobusha,Mississippi,28161,10391
Yamhill,Oregon,41071,446681
Yancey,North Carolina,37199,27808
Yates,New York,36123,246335
Yazoo,Mississippi,28163,68198
Yell,Arkansas,5149,385992
Yellow Medicine,Minnesota,27173,11512
Yoakum,Texas,48501,7162
Yolo,California,6113,823558
York,Maine,23031,1469299
York,Nebraska,31185,5720
York,Pennsylvania,42133,1874791
York,South Carolina,45091,554628
York,Virginia,51199,859383
Yukon-Koyukuk,Alaska,2290,779
Yuma,Arizona,4027,25
