county,state,fips_code,customers_out
Abbeville,South Carolina,45001,2838
Acadia,Louisiana,22001,9739
Accomack,Virginia,51001,53111
Adair,Iowa,19001,5
Adair,Kentucky,21001,281
Adair,Missouri,29001,1585
Adair,Oklahoma,40001,5
Adams,Colorado,8001,60078
Adams,Illinois,17001,20646
Adams,Indiana,18001,5483
Adams,Iowa,19003,24
Adams,Mississippi,28001,23622
Adams,Ohio,39001,10675
Adams,Pennsylvania,42001,91191
Adams,Washington,53001,27643
Adams,Wisconsin,55001,433
Addison,Vermont,50001,1176489
Aiken,South Carolina,45003,35352
Aitkin,Minnesota,27001,9697
Alachua,Florida,12001,159449
Alamance,North Carolina,37001,47548
Alamosa,Colorado,8003,1748
Albany,New York,36001,415999
Albemarle,Virginia,51003,9940
Alcona,Michigan,26001,102822
Alexander,Illinois,17003,204
Alexander,North Carolina,37003,17600
Alger,Michigan,26003,23734
Allamakee,Iowa,19005,330
Allegan,Michigan,26005,151104
Allegany,Maryland,24001,61034
Allegany,New York,36003,15743
Allegheny,Pennsylvania,42003,1091231
Allen,Indiana,18003,194925
Allen,Kansas,20001,18
Allen,Kentucky,21003,7545
Allen,Louisiana,22003,32005
Allen,Ohio,39003,42873
Allendale,South Carolina,45005,2173
Amherst,Virginia,51009,24009
Amite,Mississippi,28005,13122
Anderson,Kentucky,21005,5161
Anderson,South Carolina,45007,80737
Anderson,Tennessee,47001,16307
Anderson,Texas,48001,29083
Andrews,Texas,48003,23711
Androscoggin,Maine,23001,304531
Angelina,Texas,48005,33759
Anne Arundel,Maryland,24003,151911
Anoka,Minnesota,27003,19755
Anson,North Carolina,37007,8270
Antelope,Nebraska,31003,6
Antrim,Michigan,26009,29939
Apache,Arizona,4001,450
Appanoose,Iowa,19007,2856
Appling,Georgia,13001,319
Appomattox,Virginia,51011,10
Aransas,Texas,48007,52195
Arapahoe,Colorado,8005,185293
Archer,Texas,48009,25845
Arenac,Michigan,26011,94870
Arkansas,Arkansas,5001,7535
Armstrong,Pennsylvania,42005,44472
Armstrong,Texas,48011,101
Aroostook,Maine,23003,89032
Ascension,Louisiana,22005,50554
Ashland,Ohio,39005,20376
Ashland,Wisconsin,55003,10890
Ashley,Arkansas,5003,1872
Ashtabula,Ohio,39007,137033
Assumption,Louisiana,22007,46278
Atascosa,Texas,48013,24765
Atchison,Kansas,20005,32
Athens,Ohio,39009,207609
Atkinson,Georgia,13003,839
Atlantic,New Jersey,34001,197286
Atoka,Oklahoma,40005,623
Attala,Mississippi,28007,6388
Audrain,Missouri,29007,84
Auglaize,Ohio,39011,58725
Austin,Texas,48015,21280
Autauga,Alabama,1001,5964
Avoyelles,Louisiana,22009,16132
Bacon,Georgia,13005,176
Bailey,Texas,48017,13675
Baker,Florida,12003,23178
Baker,Georgia,13007,72
Baldwin,Alabama,1003,27125
Baldwin,Georgia,13009,12168
Ballard,Kentucky,21007,1876
Baltimore,Maryland,24005,177409
Baltimore,Maryland,24510,121177
Bamberg,South Carolina,45009,1460
Banks,Georgia,13011,1702
Baraga,Michigan,26013,6642
Barbour,West Virginia,54001,65990
Barnes,North Dakota,38003,2634
Barnstable,Massachusetts,25001,618037
Barnwell,South Carolina,45011,1300
Barren,Kentucky,21009,2315
Barron,Wisconsin,55005,17433
Barrow,Georgia,13013,4426
Barry,Michigan,26015,30017
Bartholomew,Indiana,18005,5345
Bartow,Georgia,13015,55059
Bastrop,Texas,48021,12748
Bath,Kentucky,21011,87
Baxter,Arkansas,5005,1715
Bay,Florida,12005,59239
Bay,Michigan,26017,22573
Bayfield,Wisconsin,55007,564
Baylor,Texas,48023,17
Beaufort,North Carolina,37013,353
Beaufort,South Carolina,45013,76719
Beauregard,Louisiana,22011,29407
Beaver,Pennsylvania,42007,99270
Becker,Minnesota,27005,6582
Beckham,Oklahoma,40009,2603
Bedford,Pennsylvania,42009,21723
Bedford,Tennessee,47003,14841
Bedford,Virginia,51019,52698
Bee,Texas,48025,83875
Belknap,New Hampshire,33001,1813631
Bell,Kentucky,21013,10189
Belmont,Ohio,39013,90931
Beltrami,Minnesota,27007,10662
Bennington,Vermont,50003,422360
Benton,Arkansas,5007,5273
Benton,Iowa,19011,383
Benton,Minnesota,27009,38
Benton,Missouri,29015,356
Benzie,Michigan,26019,5280
Bergen,New Jersey,34003,311401
Berkeley,South Carolina,45015,13646
Berkeley,West Virginia,54003,48860
Berks,Pennsylvania,42011,400965
Berkshire,Massachusetts,25003,1072876
Berrien,Georgia,13019,8917
Berrien,Michigan,26021,167265
Bertie,North Carolina,37015,15068
Bexar,Texas,48029,256875
Bibb,Alabama,1007,616
Bibb,Georgia,13021,91248
Bienville,Louisiana,22013,31403
Black Hawk,Iowa,19013,35
Blackford,Indiana,18009,4634
Bladen,North Carolina,37017,1655
Blaine,Oklahoma,40011,922
Blair,Pennsylvania,42013,29275
Bland,Virginia,51021,80162
Bleckley,Georgia,13023,2260
Blount,Tennessee,47009,67433
Blue Earth,Minnesota,27013,2896
Bolivar,Mississippi,28011,12518
Bond,Illinois,17005,224
Bonner,Idaho,16017,175461
Boone,Arkansas,5009,16680
Boone,Illinois,17007,6767
Boone,Indiana,18011,680
Boone,Iowa,19015,20889
Boone,Kentucky,21015,269668
Boone,Missouri,29019,9643
Boone,West Virginia,54005,67654
Bossier,Louisiana,22015,57356
Botetourt,Virginia,51023,11341
Boulder,Colorado,8013,114754
Bourbon,Kansas,20011,817
Bourbon,Kentucky,21017,12652
Bowie,Texas,48037,38787
Boyd,Kentucky,21019,43302
Boyle,Kentucky,21021,165
Bracken,Kentucky,21023,11
Bradford,Florida,12007,16214
Bradford,Pennsylvania,42015,61046
Bradley,Arkansas,5011,1271
Branch,Michigan,26023,96953
Brantley,Georgia,13025,69
Braxton,West Virginia,54007,139380
Brazoria,Texas,48039,238599
Brazos,Texas,48041,14
Breathitt,Kentucky,21025,40597
Brevard,Florida,12009,303429
Brewster,Texas,48043,122
Bristol,Massachusetts,25005,69377
Bristol,Rhode Island,44001,4605
Bronx,New York,36005,29368
Brooke,West Virginia,54009,59266
Brooks,Georgia,13027,66
Brooks,Texas,48047,8892
Broome,New York,36007,50920
Broomfield,Colorado,8014,3233
Broward,Florida,12011,894476
Brown,Illinois,17009,48
Brown,Indiana,18013,16555
Brown,Kansas,20013,5
Brown,Minnesota,27015,343
Brown,Nebraska,31017,10
Brown,Ohio,39015,36310
Brown,Texas,48049,15187
Brown,Wisconsin,55009,27948
Brunswick,North Carolina,37019,2746
Brunswick,Virginia,51025,6401
Bryan,Georgia,13029,2355
Bryan,Oklahoma,40013,6207
Buchanan,Iowa,19019,288
Buchanan,Virginia,51027,29952
Bucks,Pennsylvania,42017,504494
Buena Vista,Iowa,19021,148
Buffalo,Nebraska,31019,1327
Buffalo,Wisconsin,55011,181
Bullitt,Kentucky,21029,2771
Bulloch,Georgia,13031,10316
Bullock,Alabama,1011,29
Buncombe,North Carolina,37021,132848
Bureau,Illinois,17011,14858
Burke,Georgia,13033,6134
Burke,North Carolina,37023,14595
Burleson,Texas,48051,13620
Burlington,New Jersey,34005,81633
Burt,Nebraska,31021,677
Butler,Alabama,1013,8241
Butler,Iowa,19023,84
Butler,Kansas,20015,431
Butler,Ohio,39017,140953
Butler,Pennsylvania,42019,124399
Butts,Georgia,13035,3998
Cabarrus,North Carolina,37025,60061
Cabell,West Virginia,54011,199405
Caddo,Louisiana,22017,205304
Caddo,Oklahoma,40015,55338
Calcasieu,Louisiana,22019,233427
Caldwell,Kentucky,21033,701
Caldwell,Louisiana,22021,6130
Caldwell,Missouri,29025,78
Caldwell,North Carolina,37027,15819
Caldwell,Texas,48055,8591
Caledonia,Vermont,50005,144925
Calhoun,Arkansas,5013,60
Calhoun,Florida,12013,14332
Calhoun,Georgia,13037,2391
Calhoun,Illinois,17013,1133
Calhoun,Michigan,26025,64102
Calhoun,South Carolina,45017,1185
Calhoun,Texas,48057,7437
Calhoun,West Virginia,54013,13714
Callahan,Texas,48059,6250
Callaway,Missouri,29027,4281
Calumet,Wisconsin,55015,2324
Calvert,Maryland,24009,33833
Cambria,Pennsylvania,42021,81801
Camden,Georgia,13039,22545
Camden,Missouri,29029,8163
Camden,New Jersey,34007,238262
Cameron,Louisiana,22023,1471
Cameron,Pennsylvania,42023,74491
Cameron,Texas,48061,148032
Camp,Texas,48063,14088
Campbell,Kentucky,21037,55540
Campbell,Tennessee,47013,1640
Campbell,Virginia,51031,44816
Canadian,Oklahoma,40017,37710
Candler,Georgia,13043,1092
Cape Girardeau,Missouri,29031,4485
Cape May,New Jersey,34009,82135
Carbon,Pennsylvania,42025,96950
Carlton,Minnesota,27017,5202
Caroline,Virginia,51033,4692
Carroll,Arkansas,5015,4128
Carroll,Georgia,13045,40026
Carroll,Illinois,17015,1862
Carroll,Indiana,18015,7003
Carroll,Iowa,19027,1054
Carroll,Kentucky,21041,1598
Carroll,Maryland,24013,36403
Carroll,Mississippi,28015,12947
Carroll,New Hampshire,33003,466717
Carroll,Ohio,39019,39211
Carroll,Virginia,51035,291601
Carson,Texas,48065,275
Carter,Kentucky,21043,15490
Carter,Oklahoma,40019,24924
Carteret,North Carolina,37031,19916
Carver,Minnesota,27019,14326
Casey,Kentucky,21045,2910
Cass,Illinois,17017,79
Cass,Indiana,18017,1438
Cass,Iowa,19029,2
Cass,Michigan,26027,16132
Cass,Minnesota,27021,18167
Cass,Nebraska,31025,1647
Cass,North Dakota,38017,15670
Cass,Texas,48067,2002
Castro,Texas,48069,403
Caswell,North Carolina,37033,4691
Catahoula,Louisiana,22025,12
Catawba,North Carolina,37035,82497
Catoosa,Georgia,13047,590
Catron,New Mexico,35003,42
Cattaraugus,New York,36009,17725
Cayuga,New York,36011,135011
Cedar,Iowa,19031,81
Cedar,Nebraska,31027,1
Centre,Pennsylvania,42027,40327
Cerro Gordo,Iowa,19033,36970
Chaffee,Colorado,8015,1349
Chambers,Texas,48071,31823
Champaign,Illinois,17019,41143
Champaign,Ohio,39021,8762
Charles,Maryland,24017,34409
Charleston,South Carolina,45019,154711
Charlevoix,Michigan,26029,13835
Charlotte,Florida,12015,124447
Charlotte,Virginia,51037,741
Charlton,Georgia,13049,263
Chase,Kansas,20017,2214
Chatham,Georgia,13051,211668
Chatham,North Carolina,37037,22510
Chattahoochee,Georgia,13053,303
Chattooga,Georgia,13055,21833
Chautauqua,New York,36013,39743
Chaves,New Mexico,35005,8142
Cheatham,Tennessee,47021,8048
Cheboygan,Michigan,26031,23708
Chemung,New York,36015,81643
Chenango,New York,36017,39007
Cherokee,Georgia,13057,28419
Cherokee,Iowa,19035,27
Cherokee,North Carolina,37039,38177
Cherokee,Oklahoma,40021,21841
Cherokee,South Carolina,45021,10205
Cherokee,Texas,48073,53866
Cheshire,New Hampshire,33005,1335559
Chester,Pennsylvania,42029,363829
Chester,South Carolina,45023,11206
Chesterfield,South Carolina,45025,8857
Chickasaw,Iowa,19037,470
Chicot,Arkansas,5017,4107
Childress,Texas,48075,503
Chilton,Alabama,1021,6900
Chippewa,Minnesota,27023,1167
Chippewa,Wisconsin,55017,6006
Chisago,Minnesota,27025,16004
Chittenden,Vermont,50007,1652846
Choctaw,Mississippi,28019,180
Choctaw,Oklahoma,40023,2392
Christian,Illinois,17021,1511
Christian,Kentucky,21047,362
Christian,Missouri,29043,517
Citrus,Florida,12017,68201
Clackamas,Oregon,41005,1993628
Claiborne,Louisiana,22027,4248
Claiborne,Mississippi,28021,1659
Clare,Michigan,26035,13327
Clarendon,South Carolina,45027,19112
Clarion,Pennsylvania,42031,31858
Clark,Arkansas,5019,3481
Clark,Illinois,17023,28
Clark,Indiana,18019,20831
Clark,Kentucky,21049,10722
Clark,Missouri,29045,1566
Clark,Ohio,39023,41624
Clark,Wisconsin,55019,619
Clarke,Alabama,1025,6
Clarke,Georgia,13059,21962
Clarke,Iowa,19039,23
Clarke,Mississippi,28023,1253
Clarke,Virginia,51043,5131
Clay,Arkansas,5021,39432
Clay,Florida,12019,99641
Clay,Georgia,13061,1461
Clay,Illinois,17025,919
Clay,Indiana,18021,4773
Clay,Iowa,19041,93
Clay,Kansas,20027,170
Clay,Kentucky,21051,2769
Clay,Minnesota,27027,1243
Clay,Missouri,29047,12799
Clay,Tennessee,47027,3654
Clay,Texas,48077,1645
Clay,West Virginia,54015,84489
Clayton,Georgia,13063,42121
Clayton,Iowa,19043,167
Clear Creek,Colorado,8019,4199
Clearfield,Pennsylvania,42033,48591
Cleburne,Arkansas,5023,9021
Clermont,Ohio,39025,484251
Cleveland,Arkansas,5025,215
Cleveland,North Carolina,37045,14230
Cleveland,Oklahoma,40027,89715
Clinch,Georgia,13065,1585
Clinton,Illinois,17027,2130
Clinton,Indiana,18023,30130
Clinton,Iowa,19045,3151
Clinton,Kentucky,21053,46
Clinton,Michigan,26037,79277
Clinton,Missouri,29049,13059
Clinton,New York,36019,232830
Clinton,Ohio,39027,81504
Clinton,Pennsylvania,42035,23054
Coahoma,Mississippi,28027,5770
Coal,Oklahoma,40029,518
Cobb,Georgia,13067,95426
Cochran,Texas,48079,130
Coffee,Alabama,1031,1652
Coffee,Georgia,13069,539
Coffee,Tennessee,47031,13983
Coffey,Kansas,20031,2
Coke,Texas,48081,45
Cole,Missouri,29051,11482
Coleman,Texas,48083,2752
Coles,Illinois,17029,3348
Colleton,South Carolina,45029,16554
Collier,Florida,12021,192449
Collin,Texas,48085,196613
Collingsworth,Texas,48087,2614
Colorado,Texas,48089,8900
Colquitt,Georgia,13071,4289
Columbia,Arkansas,5027,16951
Columbia,Florida,12023,76194
Columbia,Georgia,13073,80057
Columbia,New York,36021,481023
Columbia,Pennsylvania,42037,84303
Columbia,Wisconsin,55021,8483
Columbiana,Ohio,39029,58348
Columbus,North Carolina,37047,24678
Comal,Texas,48091,4862
Comanche,Oklahoma,40031,22723
Comanche,Texas,48093,1762
Concho,Texas,48095,1416
Concordia,Louisiana,22029,19652
Conecuh,Alabama,1035,84
Conejos,Colorado,8021,4079
Conway,Arkansas,5029,24043
Cook,Georgia,13075,66
Cook,Illinois,17031,1240372
Cooke,Texas,48097,27909
Cooper,Missouri,29053,1612
Coos,New Hampshire,33007,118958
Coosa,Alabama,1037,970
Copiah,Mississippi,28029,16100
Cortland,New York,36023,43443
Coryell,Texas,48099,19859
Coshocton,Ohio,39031,40347
Costilla,Colorado,8023,26
Cottle,Texas,48101,792
Cotton,Oklahoma,40033,12800
Cottonwood,Minnesota,27033,2281
Covington,Alabama,1039,5711
Covington,Mississippi,28031,149
Coweta,Georgia,13077,6481
Cowley,Kansas,20035,608
Craig,Oklahoma,40035,4509
Craig,Virginia,51045,5415
Craighead,Arkansas,5031,15903
Crane,Texas,48103,20119
Craven,North Carolina,37049,22484
Crawford,Arkansas,5033,70605
Crawford,Georgia,13079,11435
Crawford,Illinois,17033,82
Crawford,Indiana,18025,6749
Crawford,Kansas,20037,1060
Crawford,Michigan,26039,12289
Crawford,Ohio,39033,3763
Crawford,Pennsylvania,42039,66073
Crawford,Wisconsin,55023,1212
Creek,Oklahoma,40037,25297
Crenshaw,Alabama,1041,42825
Crittenden,Arkansas,5035,33893
Crittenden,Kentucky,21055,100
Crockett,Texas,48105,589
Crosby,Texas,48107,995
Cross,Arkansas,5037,13396
Crow Wing,Minnesota,27035,9367
Culberson,Texas,48109,266
Culpeper,Virginia,51047,3315
Cumberland,Illinois,17035,591
Cumberland,Kentucky,21057,1719
Cumberland,Maine,23005,2792114
Cumberland,New Jersey,34011,49488
Cumberland,North Carolina,37051,44350
Cumberland,Pennsylvania,42041,207462
Curry,New Mexico,35009,3807
Custer,Oklahoma,40039,13798
Cuyahoga,Ohio,39035,1105350
Dade,Georgia,13083,16287
Dakota,Minnesota,27037,34852
Dakota,Nebraska,31043,149
Dale,Alabama,1045,210
Dallam,Texas,48111,215
Dallas,Alabama,1047,6528
Dallas,Arkansas,5039,4339
Dallas,Iowa,19049,12972
Dallas,Texas,48113,1009162
Dane,Wisconsin,55025,17064
Darke,Ohio,39037,38430
Darlington,South Carolina,45031,24105
Dauphin,Pennsylvania,42043,134031
Davidson,North Carolina,37057,58124
Davidson,Tennessee,47037,201194
Davie,North Carolina,37059,23343
Daviess,Indiana,18027,54
Daviess,Missouri,29061,11
Davis,Iowa,19051,2160
Dawes,Nebraska,31045,800
Dawson,Georgia,13085,7795
Dawson,Nebraska,31047,998
Dawson,Texas,48115,1958
De Soto,Louisiana,22031,41785
De Witt,Illinois,17039,2256
DeKalb,Georgia,13089,271076
DeKalb,Illinois,17037,14020
DeKalb,Indiana,18033,5362
DeKalb,Missouri,29063,150
DeSoto,Florida,12027,16753
DeSoto,Mississippi,28033,49458
DeWitt,Texas,48123,39020
Deaf Smith,Texas,48117,21529
Dearborn,Indiana,18029,48020
Decatur,Georgia,13087,11601
Decatur,Indiana,18031,1545
Decatur,Iowa,19053,1515
Defiance,Ohio,39039,22448
Delaware,Indiana,18035,26383
Delaware,Iowa,19055,1264
Delaware,New York,36025,34765
Delaware,Ohio,39041,144390
Delaware,Oklahoma,40041,33923
Delaware,Pennsylvania,42045,472853
Delta,Michigan,26041,26752
Delta,Texas,48119,797
Denton,Texas,48121,131756
Denver,Colorado,8031,304037
Des Moines,Iowa,19057,5643
Desha,Arkansas,5041,43251
Deuel,Nebraska,31049,51
Dewey,Oklahoma,40043,13713
Dickens,Texas,48125,880
Dickenson,Virginia,51051,22178
Dickinson,Iowa,19059,3086
Dickinson,Kansas,20041,46
Dickinson,Michigan,26043,14604
Dickson,Tennessee,47043,2263
Dillon,South Carolina,45033,2216
Dimmit,Texas,48127,52963
District of Columbia,District of Columbia,11001,184664
Dixie,Florida,12029,8417
Dixon,Nebraska,31051,11929
Doddridge,West Virginia,54017,11240
Dodge,Georgia,13091,9948
Dodge,Minnesota,27039,10801
Dodge,Wisconsin,55027,15719
Donley,Texas,48129,109
Dooly,Georgia,13093,6570
Door,Wisconsin,55029,2145
Dorchester,South Carolina,45035,48856
Dougherty,Georgia,13095,2633
Douglas,Colorado,8035,52654
Douglas,Georgia,13097,11481
Douglas,Illinois,17041,12659
Douglas,Kansas,20045,6873
Douglas,Wisconsin,55031,518
Doña Ana,New Mexico,35013,47699
Drew,Arkansas,5043,3156
DuPage,Illinois,17043,195000
Dubuque,Iowa,19061,16017
Dukes,Massachusetts,25007,20312
Dunklin,Missouri,29069,437
Dunn,Wisconsin,55033,10382
Duplin,North Carolina,37061,11660
Durham,North Carolina,37063,54604
Dutchess,New York,36027,2327260
Duval,Florida,12031,702846
Duval,Texas,48131,21582
Eagle,Colorado,8037,197175
Early,Georgia,13099,946
East Baton Rouge,Louisiana,22033,162416
East Carroll,Louisiana,22035,9798
East Feliciana,Louisiana,22037,2025
Eastland,Texas,48133,6791
Eaton,Michigan,26045,41274
Eau Claire,Wisconsin,55035,1832
Echols,Georgia,13101,103
Ector,Texas,48135,129161
Eddy,New Mexico,35015,10114
Edgar,Illinois,17045,2680
Edgecombe,North Carolina,37065,269
Edgefield,South Carolina,45037,1579
Edwards,Illinois,17047,491
Edwards,Texas,48137,553
Effingham,Georgia,13103,11845
Effingham,Illinois,17049,7591
El Paso,Colorado,8041,37063
El Paso,Texas,48141,223882
Elbert,Georgia,13105,1270
Elk,Kansas,20049,43
Elk,Pennsylvania,42047,95077
Elkhart,Indiana,18039,75281
Ellis,Oklahoma,40045,6567
Ellis,Texas,48139,91479
Elmore,Alabama,1051,126098
Emanuel,Georgia,13107,11480
Emmet,Iowa,19063,6
Emmet,Michigan,26047,13415
Erath,Texas,48143,8010
Erie,New York,36029,820994
Erie,Ohio,39043,58302
Erie,Pennsylvania,42049,399017
Escambia,Florida,12033,119844
Essex,Massachusetts,25009,338314
Essex,New Jersey,34013,424314
Essex,New York,36031,572076
Essex,Vermont,50009,45325
Essex,Virginia,51057,4348
Estill,Kentucky,21065,4206
Evangeline,Louisiana,22039,26654
Evans,Georgia,13109,351
Fairfax,Virginia,51059,3458
Fairfield,Connecticut,9001,368532
Fairfield,Ohio,39045,67979
Fairfield,South Carolina,45039,6021
Falls,Texas,48145,9018
Fannin,Georgia,13111,39
Fannin,Texas,48147,4175
Faribault,Minnesota,27043,6122
Faulkner,Arkansas,5045,23093
Fauquier,Virginia,51061,13588
Fayette,Georgia,13113,13164
Fayette,Illinois,17051,25516
Fayette,Indiana,18041,9130
Fayette,Iowa,19065,6757
Fayette,Kentucky,21067,328471
Fayette,Ohio,39047,44175
Fayette,Pennsylvania,42051,98131
Fayette,Texas,48149,747
Fayette,West Virginia,54019,83211
Fillmore,Minnesota,27045,346
Fillmore,Nebraska,31059,6
Fisher,Texas,48151,501
Flagler,Florida,12035,43700
Flathead,Montana,30029,300521
Fleming,Kentucky,21069,747
Florence,South Carolina,45041,36435
Florence,Wisconsin,55037,8262
Floyd,Georgia,13115,35532
Floyd,Indiana,18043,19514
Floyd,Iowa,19067,773
Floyd,Kentucky,21071,27634
Floyd,Texas,48153,4752
Floyd,Virginia,51063,542974
Fluvanna,Virginia,51065,196
Foard,Texas,48155,25
Fond du Lac,Wisconsin,55039,13642
Ford,Illinois,17053,374
Forest,Pennsylvania,42053,16997
Forest,Wisconsin,55041,14096
Forrest,Mississippi,28035,4342
Forsyth,Georgia,13117,17105
Forsyth,North Carolina,37067,119752
Fort Bend,Texas,48157,549848
Fountain,Indiana,18045,31189
Franklin,Florida,12037,18814
Franklin,Georgia,13119,1573
Franklin,Illinois,17055,4655
Franklin,Indiana,18047,2767
Franklin,Iowa,19069,1062
Franklin,Kentucky,21073,5593
Franklin,Louisiana,22041,2131
Franklin,Maine,23007,201772
Franklin,Massachusetts,25011,1475594
Franklin,Mississippi,28037,27195
Franklin,Missouri,29071,18653
Franklin,New York,36033,114283
Franklin,North Carolina,37069,14058
Franklin,Ohio,39049,1452907
Franklin,Pennsylvania,42055,30015
Franklin,Tennessee,47051,6939
Franklin,Texas,48159,1585
Franklin,Vermont,50011,268045
Franklin,Virginia,51067,53092
Frederick,Maryland,24021,229146
Frederick,Virginia,51069,5128
Freeborn,Minnesota,27047,14844
Freestone,Texas,48161,3862
Fremont,Iowa,19071,2
Fresno,California,6019,84410
Frio,Texas,48163,18310
Fulton,Arkansas,5049,1563
Fulton,Georgia,13121,299174
Fulton,Illinois,17057,10003
Fulton,Indiana,18049,724
Fulton,New York,36035,53187
Fulton,Ohio,39051,70721
Fulton,Pennsylvania,42057,22028
Gaines,Texas,48165,597
Galax,Virginia,51640,2394
Gallatin,Illinois,17059,173
Gallatin,Kentucky,21077,294
Gallia,Ohio,39053,28445
Galveston,Texas,48167,129260
Garden,Nebraska,31069,96
Garfield,Colorado,8045,23410
Garfield,Oklahoma,40047,26920
Garland,Arkansas,5051,135263
Garrard,Kentucky,21079,91
Garrett,Maryland,24023,30804
Garza,Texas,48169,99
Gasconade,Missouri,29073,334
Gaston,North Carolina,37071,27761
Gates,North Carolina,37073,2049
Geary,Kansas,20061,85
Geauga,Ohio,39055,132897
Genesee,Michigan,26049,549871
Genesee,New York,36037,21066
Geneva,Alabama,1061,122
George,Mississippi,28039,258
Georgetown,South Carolina,45043,3687
Gibson,Indiana,18051,11732
Gilchrist,Florida,12041,26941
Giles,Tennessee,47055,3803
Giles,Virginia,51071,39331
Gilmer,Georgia,13123,95569
Gilmer,West Virginia,54021,11126
Glades,Florida,12043,1184
Gladwin,Michigan,26051,121199
Glascock,Georgia,13125,861
Glasscock,Texas,48173,156
Gloucester,New Jersey,34015,218784
Glynn,Georgia,13127,50352
Gogebic,Michigan,26053,4236
Goliad,Texas,48175,7661
Gonzales,Texas,48177,23139
Goochland,Virginia,51075,256
Goodhue,Minnesota,27049,1716
Gordon,Georgia,13129,19852
Grady,Georgia,13131,2
Grady,Oklahoma,40051,38129
Grafton,New Hampshire,33009,221054
Graham,North Carolina,37075,28227
Grand Forks,North Dakota,38035,687
Grand Isle,Vermont,50013,18885
Grand Traverse,Michigan,26055,9913
Grant,Arkansas,5053,14329
Grant,Indiana,18053,21099
Grant,Kentucky,21081,1818
Grant,Louisiana,22043,30424
Grant,West Virginia,54023,105610
Grant,Wisconsin,55043,2255
Granville,North Carolina,37077,18206
Gratiot,Michigan,26057,59479
Gray,Texas,48179,1291
Grayson,Kentucky,21085,46
Grayson,Texas,48181,40933
Grayson,Virginia,51077,243343
Green,Kentucky,21087,467
Green,Wisconsin,55045,5149
Green Lake,Wisconsin,55047,1709
Greenbrier,West Virginia,54025,483134
Greene,Arkansas,5055,204
Greene,Georgia,13133,7668
Greene,Illinois,17061,1562
Greene,Indiana,18055,1214
Greene,Iowa,19073,8363
Greene,Mississippi,28041,1245
Greene,Missouri,29077,14370
Greene,New York,36039,156184
Greene,North Carolina,37079,1068
Greene,Ohio,39057,89799
Greene,Pennsylvania,42059,40330
Greene,Virginia,51079,2398
Greensville,Virginia,51081,2971
Greenup,Kentucky,21089,17931
Greenville,South Carolina,45045,485098
Greenwood,Kansas,20073,181
Greenwood,South Carolina,45047,120463
Greer,Oklahoma,40055,1227
Gregg,Texas,48183,127012
Grenada,Mississippi,28043,8085
Grimes,Texas,48185,13691
Grundy,Illinois,17063,10370
Grundy,Iowa,19075,20435
Guadalupe,Texas,48187,49913
Guernsey,Ohio,39059,9696
Guilford,North Carolina,37081,350315
Gulf,Florida,12045,4908
Gunnison,Colorado,8051,208
Guthrie,Iowa,19077,705
Gwinnett,Georgia,13135,78755
Habersham,Georgia,13137,15380
Hale,Texas,48189,29903
Halifax,North Carolina,37083,2034
Halifax,Virginia,51083,4095
Hall,Georgia,13139,24965
Hall,Texas,48191,48
Hamilton,Florida,12047,31492
Hamilton,Illinois,17065,2
Hamilton,Indiana,18057,92135
Hamilton,Iowa,19079,51
Hamilton,Nebraska,31081,4482
Hamilton,New York,36041,84034
Hamilton,Ohio,39061,887297
Hampden,Massachusetts,25013,164278
Hampshire,Massachusetts,25015,286870
Hampshire,West Virginia,54027,267428
Hampton,South Carolina,45049,9486
Hancock,Georgia,13141,22873
Hancock,Illinois,17067,1105
Hancock,Indiana,18059,29036
Hancock,Iowa,19081,42739
Hancock,Maine,23009,5909026
Hancock,Mississippi,28045,661
Hancock,Ohio,39063,34889
Hancock,West Virginia,54029,29428
Hanover,Virginia,51085,5545
Hansford,Texas,48195,35
Hanson,South Dakota,46061,10
Haralson,Georgia,13143,19806
Hardee,Florida,12049,4989
Hardeman,Texas,48197,7056
Hardin,Iowa,19083,1174
Hardin,Kentucky,21093,6353
Hardin,Ohio,39065,2532
Hardin,Texas,48199,58466
Hardy,West Virginia,54031,192916
Harford,Maryland,24025,39494
Harlan,Kentucky,21095,17193
Harmon,Oklahoma,40057,3676
Harnett,North Carolina,37085,86697
Harris,Georgia,13145,14724
Harris,Texas,48201,2685014
Harrison,Indiana,18061,2742
Harrison,Iowa,19085,7
Harrison,Kentucky,21097,1106
Harrison,Mississippi,28047,29525
Harrison,Ohio,39067,28100
Harrison,Texas,48203,8823
Harrison,West Virginia,54033,254108
Hart,Georgia,13147,868
Hart,Kentucky,21099,1093
Hartford,Connecticut,9003,277002
Hartley,Texas,48205,294
Harvey,Kansas,20079,2018
Haskell,Oklahoma,40061,41253
Haskell,Texas,48207,1824
Hawkins,Tennessee,47073,2203
Hays,Texas,48209,705
Haywood,North Carolina,37087,31060
Heard,Georgia,13149,879
Hemphill,Texas,48211,1073
Hempstead,Arkansas,5057,11383
Henderson,Illinois,17071,14254
Henderson,Kentucky,21101,235
Henderson,North Carolina,37089,74556
Henderson,Texas,48213,13463
Hendricks,Indiana,18063,25603
Hendry,Florida,12051,16457
Hennepin,Minnesota,27053,295214
Henry,Georgia,13151,45268
Henry,Illinois,17073,14162
Henry,Indiana,18065,3101
Henry,Iowa,19087,4655
Henry,Kentucky,21103,11328
Henry,Ohio,39069,8660
Henry,Virginia,51089,96244
Herkimer,New York,36043,60416
Hernando,Florida,12053,109107
Hertford,North Carolina,37091,17059
Hickman,Kentucky,21105,20
Hidalgo,Texas,48215,498204
Highland,Ohio,39071,33048
Highlands,Florida,12055,63089
Hill,Texas,48217,10102
Hillsborough,Florida,12057,532724
Hillsborough,New Hampshire,33011,12735195
Hillsdale,Michigan,26059,115310
Hinds,Mississippi,28049,244736
Hocking,Ohio,39073,87486
Hockley,Texas,48219,1925
Hoke,North Carolina,37093,1158
Holmes,Florida,12059,12670
Holmes,Mississippi,28051,6798
Holmes,Ohio,39075,18282
Holt,Nebraska,31089,548
Hood,Texas,48221,1141
Hopkins,Kentucky,21107,8244
Hopkins,Texas,48223,8709
Horry,South Carolina,45051,137579
Hot Spring,Arkansas,5059,43819
Houghton,Michigan,26061,28304
Houston,Georgia,13153,22341
Houston,Texas,48225,27070
Howard,Arkansas,5061,5799
Howard,Indiana,18067,26059
Howard,Iowa,19089,136
Howard,Maryland,24027,101091
Howard,Missouri,29089,1094
Howard,Texas,48227,6184
Hubbard,Minnesota,27057,17628
Hudson,New Jersey,34017,184270
Hudspeth,Texas,48229,7932
Hughes,Oklahoma,40063,8326
Humphreys,Mississippi,28053,6658
Hunt,Texas,48231,30059
Huntingdon,Pennsylvania,42061,31553
Huntington,Indiana,18069,7540
Huron,Michigan,26063,84112
Huron,Ohio,39077,10072
Hutchinson,Texas,48233,2196
Iberia,Louisiana,22045,65968
Iberville,Louisiana,22047,15516
Idaho,Idaho,16049,36997
Independence,Arkansas,5063,12704
Indian River,Florida,12061,38516
Indiana,Pennsylvania,42063,64120
Ingham,Michigan,26065,97507
Inyo,California,6027,13247
Ionia,Michigan,26067,23879
Iosco,Michigan,26069,100422
Iowa,Iowa,19095,783
Iowa,Wisconsin,55049,33936
Iredell,North Carolina,37097,35577
Irion,Texas,48235,2819
Iron,Michigan,26071,9841
Iron,Missouri,29093,6847
Iron,Wisconsin,55051,188
Iroquois,Illinois,17075,1091
Irwin,Georgia,13155,46
Isabella,Michigan,26073,22691
Itasca,Minnesota,27061,13954
Izard,Arkansas,5065,1512
Jack,Texas,48237,3110
Jackson,Arkansas,5067,1883
Jackson,Florida,12063,28474
Jackson,Georgia,13157,2273
Jackson,Illinois,17077,4795
Jackson,Indiana,18071,5333
Jackson,Iowa,19097,266
Jackson,Kansas,20085,36
Jackson,Louisiana,22049,8993
Jackson,Michigan,26075,238996
Jackson,Minnesota,27063,2
Jackson,Mississippi,28059,6793
Jackson,Missouri,29095,5640
Jackson,North Carolina,37099,22761
Jackson,Ohio,39079,25111
Jackson,Oklahoma,40065,1406
Jackson,Texas,48239,8330
Jackson,West Virginia,54035,53772
Jackson,Wisconsin,55053,57
Jasper,Georgia,13159,2586
Jasper,Illinois,17079,217
Jasper,Iowa,19099,9089
Jasper,Mississippi,28061,2592
Jasper,South Carolina,45053,14277
Jasper,Texas,48241,139
Jay,Indiana,18075,1475
Jeff Davis,Georgia,13161,667
Jeff Davis,Texas,48243,6868
Jefferson,Arkansas,5069,43471
Jefferson,Colorado,8059,276902
Jefferson,Florida,12065,36782
Jefferson,Georgia,13163,15941
Jefferson,Illinois,17081,3818
Jefferson,Indiana,18077,14737
Jefferson,Iowa,19101,3204
Jefferson,Kansas,20087,653
Jefferson,Kentucky,21111,259211
Jefferson,Louisiana,22051,240561
Jefferson,Mississippi,28063,196
Jefferson,Missouri,29099,58002
Jefferson,New York,36045,41872
Jefferson,Ohio,39081,68483
Jefferson,Oklahoma,40067,61260
Jefferson,Pennsylvania,42065,32048
Jefferson,Texas,48245,136368
Jefferson,West Virginia,54037,48466
Jefferson,Wisconsin,55055,7604
Jefferson Davis,Louisiana,22053,16637
Jefferson Davis,Mississippi,28065,745
Jenkins,Georgia,13165,246
Jennings,Indiana,18079,4539
Jersey,Illinois,17083,8803
Jessamine,Kentucky,21113,28068
Jim Hogg,Texas,48247,5428
Jim Wells,Texas,48249,26137
Jo Daviess,Illinois,17085,1130
Johnson,Georgia,13167,3691
Johnson,Illinois,17087,317
Johnson,Indiana,18081,67315
Johnson,Iowa,19103,12117
Johnson,Kansas,20091,6586
Johnson,Kentucky,21115,32440
Johnson,Nebraska,31097,318
Johnson,Texas,48251,21445
Johnston,North Carolina,37101,31214
Johnston,Oklahoma,40069,12
Jones,Georgia,13169,4380
Jones,Iowa,19105,2489
Jones,Mississippi,28067,6930
Jones,North Carolina,37103,1639
Jones,Texas,48253,2905
Juneau,Wisconsin,55057,2072
Juniata,Pennsylvania,42067,8107
Kalamazoo,Michigan,26077,105369
Kalkaska,Michigan,26079,11383
Kanawha,West Virginia,54039,381013
Kandiyohi,Minnesota,27067,2136
Kane,Illinois,17089,45551
Kankakee,Illinois,17091,52755
Karnes,Texas,48255,14474
Kaufman,Texas,48257,33699
Kay,Oklahoma,40071,1572
Keith,Nebraska,31101,973
Kendall,Illinois,17093,27114
Kenedy,Texas,48261,27
Kennebec,Maine,23011,872047
Kenosha,Wisconsin,55059,35514
Kent,Delaware,10001,38227
Kent,Michigan,26081,147822
Kent,Rhode Island,44003,35404
Kent,Texas,48263,8
Kenton,Kentucky,21117,119930
Keokuk,Iowa,19107,6937
Kern,California,6029,467935
Kershaw,South Carolina,45055,5121
Kewaunee,Wisconsin,55061,826
Keweenaw,Michigan,26083,5913
Kimble,Texas,48267,36
King,Washington,53033,1149768
King George,Virginia,51099,637
King William,Virginia,51101,657
King and Queen,Virginia,51097,2163
Kingfisher,Oklahoma,40073,533
Kings,California,6031,81981
Kings,New York,36047,85386
Kinney,Texas,48271,5404
Kiowa,Oklahoma,40075,924
Kleberg,Texas,48273,16756
Knott,Kentucky,21119,16530
Knox,Illinois,17095,10734
Knox,Indiana,18083,6517
Knox,Kentucky,21121,597
Knox,Maine,23013,4478678
Knox,Missouri,29103,4533
Knox,Nebraska,31107,37
Knox,Ohio,39083,40129
Knox,Tennessee,47093,1613
Knox,Texas,48275,836
Koochiching,Minnesota,27071,2174
Kootenai,Idaho,16055,56226
Kosciusko,Indiana,18085,1264
Kossuth,Iowa,19109,548
La Crosse,Wisconsin,55063,2327
La Salle,Texas,48283,8902
LaMoure,North Dakota,38045,18
LaPorte,Indiana,18091,14498
LaSalle,Illinois,17099,19825
LaSalle,Louisiana,22059,9249
Labette,Kansas,20099,7130
Lackawanna,Pennsylvania,42069,68461
Lafayette,Arkansas,5073,279
Lafayette,Florida,12067,22767
Lafayette,Louisiana,22055,22512
Lafayette,Wisconsin,55065,2428
Lafourche,Louisiana,22057,139094
Lake,Colorado,8065,24781
Lake,Florida,12069,56168
Lake,Illinois,17097,124140
Lake,Michigan,26085,38476
Lake,Minnesota,27075,3792
Lake,Montana,30047,11953
Lake,Ohio,39085,311089
Lake,South Dakota,46079,543
Lamar,Georgia,13171,26056
Lamar,Mississippi,28073,1624
Lamar,Texas,48277,9823
Lamb,Texas,48279,9192
Lamoille,Vermont,50015,180250
Lampasas,Texas,48281,687
Lancaster,Pennsylvania,42071,248889
Lancaster,South Carolina,45057,18343
Lancaster,Virginia,51103,437
Langlade,Wisconsin,55067,25712
Lanier,Georgia,13173,326
Lapeer,Michigan,26087,221544
Larimer,Colorado,8069,82692
Larue,Kentucky,21123,117
Latimer,Oklahoma,40077,20234
Lauderdale,Mississippi,28075,7495
Laurel,Kentucky,21125,7717
Laurens,Georgia,13175,14052
Laurens,South Carolina,45059,50299
Lavaca,Texas,48285,10562
Lawrence,Arkansas,5075,27628
Lawrence,Illinois,17101,198
Lawrence,Indiana,18093,51596
Lawrence,Kentucky,21127,32640
Lawrence,Mississippi,28077,1102
Lawrence,Ohio,39087,27419
Lawrence,Pennsylvania,42073,45332
Le Flore,Oklahoma,40079,17952
Le Sueur,Minnesota,27079,6518
Lea,New Mexico,35025,28201
Leake,Mississippi,28079,3493
Leavenworth,Kansas,20103,2582
Lebanon,Pennsylvania,42075,52205
Lee,Arkansas,5077,2462
Lee,Florida,12071,254887
Lee,Georgia,13177,2869
Lee,Illinois,17103,6891
Lee,Iowa,19111,6729
Lee,Kentucky,21129,40912
Lee,North Carolina,37105,41385
Lee,South Carolina,45061,10672
Lee,Texas,48287,5276
Leelanau,Michigan,26089,9239
Leflore,Mississippi,28083,32893
Lehigh,Pennsylvania,42077,195210
Lenawee,Michigan,26091,159318
Lenoir,North Carolina,37107,13001
Leon,Florida,12073,1062
Leon,Texas,48289,4831
Leslie,Kentucky,21131,20631
Letcher,Kentucky,21133,36551
Levy,Florida,12075,21541
Lewis,Idaho,16061,14080
Lewis,Kentucky,21135,2489
Lewis,Missouri,29111,10536
Lewis,New York,36049,19724
Lewis,Tennessee,47101,21
Lewis,West Virginia,54041,69404
Lexington,South Carolina,45063,173018
Liberty,Georgia,13179,5117
Liberty,Texas,48291,78482
Licking,Ohio,39089,198596
Limestone,Texas,48293,5653
Lincoln,Arkansas,5079,151
Lincoln,Georgia,13181,17083
Lincoln,Kentucky,21137,145
Lincoln,Louisiana,22061,2502
Lincoln,Maine,23015,4452642
Lincoln,Mississippi,28085,13279
Lincoln,Missouri,29113,14628
Lincoln,Montana,30053,16453
Lincoln,Nebraska,31111,66
Lincoln,North Carolina,37109,13234
Lincoln,Oklahoma,40081,10105
Lincoln,South Dakota,46083,36767
Lincoln,Tennessee,47103,844
Lincoln,Washington,53043,10782
Lincoln,West Virginia,54043,251956
Lincoln,Wisconsin,55069,24793
Linn,Iowa,19113,53253
Linn,Missouri,29115,451
Lipscomb,Texas,48295,7526
Litchfield,Connecticut,9005,300399
Little River,Arkansas,5081,149
Live Oak,Texas,48297,1969
Livingston,Illinois,17105,12125
Livingston,Kentucky,21139,88
Livingston,Louisiana,22063,30866
Livingston,Michigan,26093,273681
Livingston,Missouri,29117,148
Livingston,New York,36051,39311
Logan,Arkansas,5083,810
Logan,Colorado,8075,1212
Logan,Illinois,17107,6802
Logan,Ohio,39091,41800
Logan,Oklahoma,40083,4388
Logan,West Virginia,54045,159251
Long,Georgia,13183,10973
Lonoke,Arkansas,5085,9121
Lorain,Ohio,39093,157951
Los Angeles,California,6037,13454651
Loudon,Tennessee,47105,1731
Loudoun,Virginia,51107,1294
Louisa,Iowa,19115,2524
Louisa,Virginia,51109,6344
Loving,Texas,48301,5961
Lowndes,Alabama,1085,14476
Lowndes,Georgia,13185,6664
Lubbock,Texas,48303,6449
Lucas,Iowa,19117,1182
Lucas,Ohio,39095,356298
Lumpkin,Georgia,13187,36700
Luna,New Mexico,35029,6
Lunenburg,Virginia,51111,42
Luzerne,Pennsylvania,42079,143519
Lycoming,Pennsylvania,42081,45256
Lynn,Texas,48305,17112
Lyon,Kansas,20111,393
Lyon,Kentucky,21143,5425
Lyon,Minnesota,27083,418
Macomb,Michigan,26099,1245122
Macon,Georgia,13193,22830
Macon,Illinois,17115,13227
Macon,North Carolina,37113,16933
Macon,Tennessee,47111,4659
Macoupin,Illinois,17117,25450
Madison,Florida,12079,19152
Madison,Georgia,13195,1566
Madison,Illinois,17119,69795
Madison,Indiana,18095,22894
Madison,Iowa,19121,397
Madison,Kentucky,21151,2374
Madison,Louisiana,22065,4543
Madison,Mississippi,28089,62285
Madison,Missouri,29123,5
Madison,Nebraska,31119,8842
Madison,New York,36053,47973
Madison,North Carolina,37115,1846
Madison,Ohio,39097,38432
Madison,Texas,48313,6137
Madison,Virginia,51113,4214
Magoffin,Kentucky,21153,5525
Mahaska,Iowa,19123,827
Mahoning,Ohio,39099,93061
Manassas Park,Virginia,51685,1370
Manatee,Florida,12081,225546
Manistee,Michigan,26101,16559
Manitowoc,Wisconsin,55071,2734
Marathon,Wisconsin,55073,44836
Maries,Missouri,29125,434
Marinette,Wisconsin,55075,243276
Marion,Arkansas,5089,5821
Marion,Florida,12083,121324
Marion,Georgia,13197,20641
Marion,Illinois,17121,2909
Marion,Indiana,18097,206629
Marion,Kentucky,21155,291
Marion,Mississippi,28091,290584
Marion,Missouri,29127,8
Marion,Ohio,39101,38608
Marion,Oregon,41047,617335
Marion,South Carolina,45067,24123
Marion,Tennessee,47115,433
Marion,Texas,48315,841
Marion,West Virginia,54049,104066
Marlboro,South Carolina,45069,4486
Marquette,Michigan,26103,54413
Marquette,Wisconsin,55077,299
Marshall,Illinois,17123,64506
Marshall,Indiana,18099,320
Marshall,Iowa,19127,64627
Marshall,Kansas,20117,6
Marshall,Mississippi,28093,75
Marshall,Oklahoma,40095,5716
Marshall,Tennessee,47117,9958
Marshall,West Virginia,54051,71091
Martin,Florida,12085,91256
Martin,Indiana,18101,732
Martin,Kentucky,21159,45950
Martin,Minnesota,27091,1589
Martin,Texas,48317,571
Mason,Illinois,17125,1365
Mason,Kentucky,21161,1488
Mason,Michigan,26105,17441
Mason,West Virginia,54053,48163
Massac,Illinois,17127,46
Matagorda,Texas,48321,31554
Maury,Tennessee,47119,3727
Maverick,Texas,48323,20802
Mayes,Oklahoma,40097,45417
McClain,Oklahoma,40087,46731
McCook,South Dakota,46087,220
McCormick,South Carolina,45065,3983
McCracken,Kentucky,21145,29
McCreary,Kentucky,21147,137
McCulloch,Texas,48307,20
McCurtain,Oklahoma,40089,6554
McDonough,Illinois,17109,370
McDowell,North Carolina,37111,51615
McDowell,West Virginia,54047,77705
McDuffie,Georgia,13189,10238
McHenry,Illinois,17111,57728
McIntosh,Georgia,13191,2799
McIntosh,Oklahoma,40091,4674
McKean,Pennsylvania,42083,29692
McLean,Illinois,17113,17313
McLean,Kentucky,21149,526
McLennan,Texas,48309,73532
McLeod,Minnesota,27085,205
McMullen,Texas,48311,4585
McPherson,Kansas,20113,3
Meade,Kentucky,21163,3781
Mecklenburg,North Carolina,37119,565048
Mecklenburg,Virginia,51117,4936
Mecosta,Michigan,26107,4840
Medina,Ohio,39103,58240
Medina,Texas,48325,191551
Meigs,Ohio,39105,74836
Menard,Illinois,17129,1688
Menard,Texas,48327,50
Menominee,Michigan,26109,10186
Menominee,Wisconsin,55078,3661
Mercer,Illinois,17131,46730
Mercer,Kentucky,21167,695
Mercer,New Jersey,34021,61627
Mercer,Ohio,39107,10608
Mercer,Pennsylvania,42085,105100
Mercer,West Virginia,54055,236860
Meriwether,Georgia,13199,9686
Merrimack,New Hampshire,33013,9136612
Mesa,Colorado,8077,17563
Metcalfe,Kentucky,21169,166
Miami,Indiana,18103,2365
Miami,Ohio,39109,35840
Miami-Dade,Florida,12086,1295901
Middlesex,Connecticut,9007,122681
Middlesex,Massachusetts,25017,839029
Middlesex,New Jersey,34023,125252
Midland,Michigan,26111,58011
Midland,Texas,48329,39087
Mifflin,Pennsylvania,42087,7533
Milam,Texas,48331,8928
Miller,Arkansas,5091,4161
Miller,Georgia,13201,262
Miller,Missouri,29131,221
Mills,Iowa,19129,2
Milwaukee,Wisconsin,55079,58405
Miner,South Dakota,46097,1624
Mineral,West Virginia,54057,127378
Mingo,West Virginia,54059,40341
Minnehaha,South Dakota,46099,1650
Missaukee,Michigan,26113,4393
Mississippi,Arkansas,5093,11989
Mississippi,Missouri,29133,741
Mitchell,Georgia,13205,1971
Mitchell,Iowa,19131,726
Mitchell,North Carolina,37121,4996
Mitchell,Texas,48335,910
Moniteau,Missouri,29135,9847
Mono,California,6051,16788
Monongalia,West Virginia,54061,278726
Monroe,Alabama,1099,2417
Monroe,Arkansas,5095,2960
Monroe,Florida,12087,27789
Monroe,Georgia,13207,28107
Monroe,Illinois,17133,5388
Monroe,Indiana,18105,117958
Monroe,Iowa,19135,99
Monroe,Kentucky,21171,11075
Monroe,Michigan,26115,389121
Monroe,Missouri,29137,16
Monroe,New York,36055,164672
Monroe,Ohio,39111,1491
Monroe,Pennsylvania,42089,611262
Monroe,Tennessee,47123,37495
Monroe,West Virginia,54063,260537
Monroe,Wisconsin,55081,6715
Montague,Texas,48337,19
Montcalm,Michigan,26117,33382
Montgomery,Arkansas,5097,77876
Montgomery,Georgia,13209,798
Montgomery,Illinois,17135,5780
Montgomery,Indiana,18107,3298
Montgomery,Kansas,20125,359
Montgomery,Kentucky,21173,3048
Montgomery,Maryland,24031,139920
Montgomery,Mississippi,28097,8033
Montgomery,Missouri,29139,2823
Montgomery,New York,36057,106936
Montgomery,North Carolina,37123,29497
Montgomery,Ohio,39113,133782
Montgomery,Pennsylvania,42091,692284
Montgomery,Tennessee,47125,685
Montgomery,Texas,48339,443973
Montgomery,Virginia,51121,252649
Montmorency,Michigan,26119,1895
Montour,Pennsylvania,42093,13637
Moore,North Carolina,37125,12807
Moore,Tennessee,47127,1942
Moore,Texas,48341,1334
Morehouse,Louisiana,22067,11725
Morgan,Colorado,8087,532
Morgan,Georgia,13211,1734
Morgan,Illinois,17137,2235
Morgan,Indiana,18109,11005
Morgan,Kentucky,21175,67
Morgan,Missouri,29141,13534
Morgan,Ohio,39115,29436
Morgan,Tennessee,47129,207
Morgan,West Virginia,54065,48784
Morrill,Nebraska,31123,1130
Morris,Kansas,20127,744
Morris,New Jersey,34027,71
Morris,Texas,48343,2331
Morrison,Minnesota,27097,5803
Morrow,Ohio,39117,9826
Motley,Texas,48345,50
Moultrie,Illinois,17139,4
Mower,Minnesota,27099,1514
Muhlenberg,Kentucky,21177,2539
Multnomah,Oregon,41051,2145268
Murray,Georgia,13213,59463
Murray,Minnesota,27101,247
Murray,Oklahoma,40099,2332
Muscatine,Iowa,19139,3795
Muscogee,Georgia,13215,75520
Muskegon,Michigan,26121,51888
Muskingum,Ohio,39119,81263
Muskogee,Oklahoma,40101,16712
Nacogdoches,Texas,48347,24851
Nantucket,Massachusetts,25019,9650
Nash,North Carolina,37127,38518
Nassau,Florida,12089,49576
Natchitoches,Louisiana,22069,35231
Navajo,Arizona,4017,2848
Navarro,Texas,48349,8151
Nelson,Kentucky,21179,1955
Nelson,Virginia,51125,732
Nemaha,Kansas,20131,8
Neosho,Kansas,20133,7
Neshoba,Mississippi,28099,2823
Nevada,Arkansas,5099,2946
New Castle,Delaware,10003,289037
New Hanover,North Carolina,37129,61211
New Haven,Connecticut,9009,221506
New London,Connecticut,9011,58693
New Madrid,Missouri,29143,867
New York,New York,36061,17001
Newaygo,Michigan,26123,29336
Newberry,South Carolina,45071,7329
Newport,Rhode Island,44005,93626
Newton,Arkansas,5101,141
Newton,Georgia,13217,2152
Newton,Mississippi,28101,3446
Newton,Missouri,29145,10
Newton,Texas,48351,10
Niagara,New York,36063,107413
Nicholas,Kentucky,21181,51
Nicholas,West Virginia,54067,54565
Nicollet,Minnesota,27103,1531
Noble,Indiana,18113,9311
Noble,Ohio,39121,18644
Noble,Oklahoma,40103,3794
Nobles,Minnesota,27105,628
Nolan,Texas,48353,3695
Norfolk,Massachusetts,25021,253457
Northampton,North Carolina,37131,1169
Northampton,Pennsylvania,42095,272564
Northampton,Virginia,51131,9349
Northumberland,Pennsylvania,42097,47945
Northumberland,Virginia,51133,2304
Nowata,Oklahoma,40105,2047
Noxubee,Mississippi,28103,8
Nueces,Texas,48355,1639762
Oakland,Michigan,26125,2732312
Ocean,New Jersey,34029,8205
Oceana,Michigan,26127,4589
Ochiltree,Texas,48357,4210
Oconee,Georgia,13219,1095
Oconee,South Carolina,45073,11271
Oconto,Wisconsin,55083,16277
Ogemaw,Michigan,26129,33479
Ogle,Illinois,17141,23534
Oglethorpe,Georgia,13221,3766
Ohio,Kentucky,21183,5494
Ohio,West Virginia,54069,66187
Okaloosa,Florida,12091,118669
Okeechobee,Florida,12093,62559
Okfuskee,Oklahoma,40107,5556
Oklahoma,Oklahoma,40109,157820
Okmulgee,Oklahoma,40111,7545
Oldham,Kentucky,21185,34331
Olmsted,Minnesota,27109,553
Oneida,New York,36065,53310
Oneida,Wisconsin,55085,117363
Onondaga,New York,36067,197511
Onslow,North Carolina,37133,18934
Ontario,New York,36069,104810
Ontonagon,Michigan,26131,1161
Orange,California,6059,3225408
Orange,Florida,12095,342602
Orange,Indiana,18117,445
Orange,New York,36071,1293052
Orange,North Carolina,37135,128198
Orange,Texas,48361,54168
Orange,Vermont,50017,907041
Orange,Virginia,51137,8260
Orangeburg,South Carolina,45075,4220
Orleans,Louisiana,22071,493101
Orleans,New York,36073,25091
Orleans,Vermont,50019,213296
Osage,Kansas,20139,24
Osage,Missouri,29151,166
Osage,Oklahoma,40113,13099
Osceola,Florida,12097,65480
Osceola,Iowa,19143,266
Osceola,Michigan,26133,13165
Oscoda,Michigan,26135,9116
Oswego,New York,36075,111015
Otero,New Mexico,35035,10
Otsego,Michigan,26137,23927
Otsego,New York,36077,71139
Ottawa,Kansas,20143,62
Ottawa,Michigan,26139,62250
Ottawa,Ohio,39123,11521
Ottawa,Oklahoma,40115,13927
Otter Tail,Minnesota,27111,25284
Ouachita,Arkansas,5103,9075
Ouachita,Louisiana,22073,52622
Outagamie,Wisconsin,55087,16168
Owen,Indiana,18119,4206
Owen,Kentucky,21187,1226
Owsley,Kentucky,21189,16
Oxford,Maine,23017,378067
Ozaukee,Wisconsin,55089,5542
Page,Iowa,19145,219
Page,Virginia,51139,5700
Palm Beach,Florida,12099,698023
Palo Alto,Iowa,19147,17
Palo Pinto,Texas,48363,13107
Pamlico,North Carolina,37137,2917
Panola,Mississippi,28107,4316
Panola,Texas,48365,1109
Park,Colorado,8093,7500
Park,Montana,30067,554
Park,Wyoming,56029,24146
Parke,Indiana,18121,761
Parker,Texas,48367,34225
Parmer,Texas,48369,72
Pasco,Florida,12101,154466
Passaic,New Jersey,34031,242221
Patrick,Virginia,51141,82609
Paulding,Georgia,13223,259
Paulding,Ohio,39125,10740
Pawnee,Nebraska,31133,203
Pawnee,Oklahoma,40117,11942
Payne,Oklahoma,40119,1252
Peach,Georgia,13225,18276
Pearl River,Mississippi,28109,15195
Pecos,Texas,48371,7451
Pemiscot,Missouri,29155,2160
Pender,North Carolina,37141,12721
Pendleton,Kentucky,21191,64
Pendleton,West Virginia,54071,140616
Penobscot,Maine,23019,7686984
Peoria,Illinois,17143,52296
Pepin,Wisconsin,55091,211
Perkins,Nebraska,31135,78
Perquimans,North Carolina,37143,10
Perry,Alabama,1105,1
Perry,Arkansas,5105,314
Perry,Illinois,17145,574
Perry,Kentucky,21193,88937
Perry,Mississippi,28111,375
Perry,Ohio,39127,205893
Perry,Pennsylvania,42099,24957
Person,North Carolina,37145,2731
Philadelphia,Pennsylvania,42101,561178
Phillips,Arkansas,5107,6124
Piatt,Illinois,17147,891
Pickaway,Ohio,39129,19323
Pickens,Georgia,13227,18628
Pickens,South Carolina,45077,22753
Pierce,Georgia,13229,352
Pierce,Wisconsin,55093,14119
Pike,Alabama,1109,4131
Pike,Arkansas,5109,59426
Pike,Georgia,13231,5636
Pike,Illinois,17149,2963
Pike,Indiana,18125,1070
Pike,Kentucky,21195,97612
Pike,Mississippi,28113,36211
Pike,Missouri,29163,7592
Pike,Ohio,39131,36345
Pike,Pennsylvania,42103,500074
Pine,Minnesota,27115,14552
Pinellas,Florida,12103,457282
Pipestone,Minnesota,27117,8626
Piscataquis,Maine,23021,1162330
Pitkin,Colorado,8097,10005
Pitt,North Carolina,37147,179
Pittsburg,Oklahoma,40121,38694
Pittsylvania,Virginia,51143,48869
Placer,California,6061,185
Plaquemines,Louisiana,22075,12366
Pleasants,West Virginia,54073,17694
Plymouth,Iowa,19149,5
Plymouth,Massachusetts,25023,189457
Pocahontas,West Virginia,54075,710900
Poinsett,Arkansas,5111,6562
Pointe Coupee,Louisiana,22077,14450
Polk,Arkansas,5113,2351
Polk,Florida,12105,90789
Polk,Georgia,13233,23723
Polk,Iowa,19153,264
Polk,Missouri,29167,6
Polk,North Carolina,37149,12984
Polk,Oregon,41053,57805
Polk,Texas,48373,7257
Polk,Wisconsin,55095,8224
Pontotoc,Oklahoma,40123,7041
Pope,Arkansas,5115,37855
Pope,Minnesota,27121,61
Portage,Ohio,39133,127184
Portage,Wisconsin,55097,3300
Posey,Indiana,18129,53
Pottawatomie,Kansas,20149,2
Pottawatomie,Oklahoma,40125,26814
Pottawattamie,Iowa,19155,484
Potter,Pennsylvania,42105,10134
Potter,Texas,48375,17907
Poweshiek,Iowa,19157,2536
Prairie,Arkansas,5117,47485
Preble,Ohio,39135,63405
Presidio,Texas,48377,91
Presque Isle,Michigan,26141,42
Preston,West Virginia,54077,56712
Price,Wisconsin,55099,2155
Prince George's,Maryland,24033,26533
Prince William,Virginia,51153,40248
Providence,Rhode Island,44007,61029
Pulaski,Arkansas,5119,286477
Pulaski,Georgia,13235,585
Pulaski,Illinois,17153,96
Pulaski,Kentucky,21199,4887
Pulaski,Virginia,51155,125520
Pushmataha,Oklahoma,40127,2498
Putnam,Florida,12107,36908
Putnam,Georgia,13237,6953
Putnam,Illinois,17155,1839
Putnam,Indiana,18133,4473
Putnam,New York,36079,595949
Putnam,Ohio,39137,1740
Putnam,West Virginia,54079,167385
Quay,New Mexico,35037,47272
Queens,New York,36081,157489
Quitman,Georgia,13239,74
Quitman,Mississippi,28119,4021
Rabun,Georgia,13241,27000
Racine,Wisconsin,55101,28215
Radford,Virginia,51750,224
Raleigh,West Virginia,54081,159786
Ralls,Missouri,29173,102
Ramsey,Minnesota,27123,388657
Randall,Texas,48381,1885
Randolph,Arkansas,5121,31267
Randolph,Georgia,13243,3513
Randolph,Illinois,17157,5156
Randolph,Indiana,18135,7916
Randolph,Missouri,29175,15838
Randolph,North Carolina,37151,57443
Randolph,West Virginia,54083,328380
Rankin,Mississippi,28121,44905
Ransom,North Dakota,38073,365
Rapides,Louisiana,22079,62462
Rappahannock,Virginia,51157,12573
Ray,Missouri,29177,408
Reagan,Texas,48383,7510
Real,Texas,48385,683
Red River,Louisiana,22081,23488
Red River,Texas,48387,5751
Red Willow,Nebraska,31145,142
Redwood,Minnesota,27127,23
Reeves,Texas,48389,773
Refugio,Texas,48391,25943
Reno,Kansas,20155,335
Rensselaer,New York,36083,350443
Renville,Minnesota,27129,256
Reynolds,Missouri,29179,10
Rice,Minnesota,27131,464
Richardson,Nebraska,31147,95
Richland,Illinois,17159,685
Richland,Louisiana,22083,10232
Richland,North Dakota,38077,534
Richland,Ohio,39139,55890
Richland,South Carolina,45079,102854
Richland,Wisconsin,55103,1775
Richmond,Georgia,13245,49896
Richmond,New York,36085,29384
Richmond,North Carolina,37153,19748
Richmond,Virginia,51159,249
Riley,Kansas,20161,215
Ringgold,Iowa,19159,840
Rio Grande,Colorado,8105,405
Ripley,Indiana,18137,2725
Ritchie,West Virginia,54085,7674
Riverside,California,6065,1735562
Roane,Tennessee,47145,402
Roane,West Virginia,54087,67585
Roanoke,Virginia,51161,54448
Roanoke,Virginia,51770,47514
Roberts,Texas,48393,772
Robertson,Kentucky,21201,54
Robertson,Tennessee,47147,57697
Robertson,Texas,48395,21175
Robeson,North Carolina,37155,28521
Rock,Wisconsin,55105,11640
Rock Island,Illinois,17161,211
Rockcastle,Kentucky,21203,964
Rockdale,Georgia,13247,1494
Rockingham,New Hampshire,33015,5523194
Rockingham,North Carolina,37157,46465
Rockland,New York,36087,130271
Rockwall,Texas,48397,189407
Roger Mills,Oklahoma,40129,15513
Rogers,Oklahoma,40131,19166
Roosevelt,New Mexico,35041,585
Roscommon,Michigan,26143,42981
Ross,Ohio,39141,80485
Rowan,Kentucky,21205,32368
Rowan,North Carolina,37159,69453
Runnels,Texas,48399,552
Rush,Indiana,18139,8140
Rusk,Texas,48401,18371
Rusk,Wisconsin,55107,60
Russell,Kentucky,21207,6471
Russell,Virginia,51167,171722
Rutherford,North Carolina,37161,32891
Rutherford,Tennessee,47149,9446
Rutland,Vermont,50021,2054658
Sabine,Louisiana,22085,54725
Sac,Iowa,19161,10
Sacramento,California,6067,373247
Sagadahoc,Maine,23023,1449856
Saginaw,Michigan,26145,120254
Saguache,Colorado,8109,10
Salem,New Jersey,34033,62712
Saline,Arkansas,5125,27730
Saline,Illinois,17165,4352
Saline,Kansas,20169,4289
Saline,Missouri,29195,12
Saluda,South Carolina,45081,77069
Sampson,North Carolina,37163,16133
San Bernardino,California,6071,2152982
San Diego,California,6073,1511365
San Jacinto,Texas,48407,16997
San Patricio,Texas,48409,77973
Sanborn,South Dakota,46111,64
Sanders,Montana,30089,153
Sandusky,Ohio,39143,9742
Sangamon,Illinois,17167,8939
Sanilac,Michigan,26151,289426
Santa Barbara,California,6083,366613
Santa Rosa,Florida,12113,94483
Sarasota,Florida,12115,295331
Saratoga,New York,36091,299022
Sargent,North Dakota,38081,4
Sauk,Wisconsin,55111,7760
Sawyer,Wisconsin,55113,2323
Schenectady,New York,36093,154134
Schleicher,Texas,48413,8303
Schley,Georgia,13249,1712
Schoharie,New York,36095,195767
Schoolcraft,Michigan,26153,418
Schuyler,Illinois,17169,31
Schuyler,Missouri,29197,635
Schuyler,New York,36097,9211
Schuylkill,Pennsylvania,42107,97988
Scioto,Ohio,39145,130667
Scotland,Missouri,29199,734
Scotland,North Carolina,37165,5522
Scott,Arkansas,5127,6361
Scott,Illinois,17171,598
Scott,Indiana,18143,8277
Scott,Iowa,19163,563
Scott,Kentucky,21209,6136
Scott,Minnesota,27139,22104
Scott,Mississippi,28123,3147
Scott,Missouri,29201,3659
Scott,Virginia,51169,76370
Scotts Bluff,Nebraska,31157,512
Screven,Georgia,13251,30
Scurry,Texas,48415,3356
Searcy,Arkansas,5129,2745
Sebastian,Arkansas,5131,23637
Sedgwick,Kansas,20173,12595
Seminole,Florida,12117,137160
Seminole,Georgia,13253,1023
Seminole,Oklahoma,40133,5781
Seneca,New York,36099,59738
Seneca,Ohio,39147,15921
Sequoyah,Oklahoma,40135,3586
Sevier,Arkansas,5133,6942
Seward,Nebraska,31159,418
Shackelford,Texas,48417,400
Sharkey,Mississippi,28125,2923
Sharp,Arkansas,5135,3485
Shawano,Wisconsin,55115,17968
Shawnee,Kansas,20177,9244
Sheboygan,Wisconsin,55117,4365
Shelby,Illinois,17173,778
Shelby,Indiana,18145,23119
Shelby,Kentucky,21211,2367
Shelby,Ohio,39149,5291
Shelby,Tennessee,47157,669745
Shelby,Texas,48419,193
Shenandoah,Virginia,51171,86
Sherburne,Minnesota,27141,3878
Sheridan,Nebraska,31161,3306
Sherman,Texas,48421,2357
Shiawassee,Michigan,26155,143056
Shoshone,Idaho,16079,94368
Sibley,Minnesota,27143,42264
Simpson,Kentucky,21213,85
Simpson,Mississippi,28127,6496
Smith,Mississippi,28129,1564
Smith,Texas,48423,92077
Smyth,Virginia,51173,49940
Snyder,Pennsylvania,42109,10368
Somerset,Maryland,24039,60
Somerset,New Jersey,34035,53727
Somerset,Pennsylvania,42111,39795
Southampton,Virginia,51175,4408
Spalding,Georgia,13255,3848
Spartanburg,South Carolina,45083,161793
Spencer,Kentucky,21215,94
Spokane,Washington,53063,71454
Spotsylvania,Virginia,51177,8190
St. Bernard,Louisiana,22087,35277
St. Charles,Louisiana,22089,28823
St. Charles,Missouri,29183,45762
St. Clair,Illinois,17163,51153
St. Clair,Michigan,26147,1026811
St. Croix,Wisconsin,55109,12255
St. Francis,Arkansas,5123,11509
St. Francois,Missouri,29187,15409
St. Helena,Louisiana,22091,7541
St. James,Louisiana,22093,26612
St. John the Baptist,Louisiana,22095,21023
St. Johns,Florida,12109,80184
St. Joseph,Indiana,18141,173826
St. Joseph,Michigan,26149,51672
St. Landry,Louisiana,22097,34653
St. Lawrence,New York,36089,97305
St. Louis,Minnesota,27137,25624
St. Louis,Missouri,29189,276988
St. Louis,Missouri,29510,57450
St. Lucie,Florida,12111,146893
St. Martin,Louisiana,22099,22602
St. Mary,Louisiana,22101,17262
St. Mary's,Maryland,24037,40732
St. Tammany,Louisiana,22103,167606
Stafford,Virginia,51179,2723
Stanly,North Carolina,37167,12276
Stark,Illinois,17175,1633
Stark,Ohio,39151,280458
Starr,Texas,48427,50163
Stearns,Minnesota,27145,45835
Steele,Minnesota,27147,504
Stephens,Georgia,13257,2345
Stephens,Oklahoma,40137,6420
Stephens,Texas,48429,820
Stephenson,Illinois,17177,8558
Sterling,Texas,48431,7
Steuben,Indiana,18151,274
Steuben,New York,36101,54151
Stevens,Washington,53065,64874
Stewart,Georgia,13259,4467
Stoddard,Missouri,29207,1864
Stokes,North Carolina,37169,6117
Stone,Arkansas,5137,4620
Stone,Mississippi,28131,2054
Stonewall,Texas,48433,43
Story,Iowa,19169,504
Strafford,New Hampshire,33017,4334244
Suffolk,Massachusetts,25025,1063
Sullivan,Indiana,18153,11102
Sullivan,Missouri,29211,1
Sullivan,New Hampshire,33019,43416
Sullivan,New York,36105,602554
Sullivan,Pennsylvania,42113,22825
Sullivan,Tennessee,47163,106116
Summers,West Virginia,54089,106144
Summit,Colorado,8117,10270
Summit,Ohio,39153,336457
Sumner,Kansas,20191,2
Sumner,Tennessee,47165,42500
Sumter,Florida,12119,21690
Sumter,Georgia,13261,24635
Sumter,South Carolina,45085,48036
Sunflower,Mississippi,28133,11410
Surry,North Carolina,37171,15951
Susquehanna,Pennsylvania,42115,23725
Sussex,Delaware,10005,120843
Sussex,New Jersey,34037,1817
Sussex,Virginia,51183,1367
Sutton,Texas,48435,15265
Suwannee,Florida,12121,99230
Swain,North Carolina,37173,11490
Swisher,Texas,48437,2160
Switzerland,Indiana,18155,7316
Talbot,Georgia,13263,28502
Taliaferro,Georgia,13265,3116
Talladega,Alabama,1121,196
Tallahatchie,Mississippi,28135,26379
Tama,Iowa,19171,1702
Tangipahoa,Louisiana,22105,219557
Tarrant,Texas,48439,812615
Tate,Mississippi,28137,3379
Tattnall,Georgia,13267,2365
Taylor,Florida,12123,7142
Taylor,Georgia,13269,16757
Taylor,Iowa,19173,16
Taylor,Kentucky,21217,282
Taylor,Texas,48441,26123
Taylor,West Virginia,54091,55782
Taylor,Wisconsin,55119,319
Tazewell,Illinois,17179,21829
Tazewell,Virginia,51185,148734
Telfair,Georgia,13271,895
Tensas,Louisiana,22107,7660
Terrebonne,Louisiana,22109,38053
Terrell,Georgia,13273,1726
Terry,Texas,48445,127
Thomas,Georgia,13275,10385
Throckmorton,Texas,48447,21
Tift,Georgia,13277,12799
Tillman,Oklahoma,40141,14314
Tioga,New York,36107,57647
Tippecanoe,Indiana,18157,67610
Tipton,Indiana,18159,1717
Tipton,Tennessee,47167,4049
Titus,Texas,48449,2303
Todd,Minnesota,27153,13458
Tolland,Connecticut,9013,66060
Tom Green,Texas,48451,37223
Tompkins,New York,36109,39489
Toombs,Georgia,13279,4999
Traill,North Dakota,38097,251
Transylvania,North Carolina,37175,39371
Travis,Texas,48453,211643
Trempealeau,Wisconsin,55121,2206
Treutlen,Georgia,13283,1095
Trimble,Kentucky,21223,80
Trinity,Texas,48455,19722
Troup,Georgia,13285,1655
Trousdale,Tennessee,47169,6610
Trumbull,Ohio,39155,145160
Tucker,West Virginia,54093,41690
Tulare,California,6107,899032
Tulsa,Oklahoma,40143,165816
Tunica,Mississippi,28143,6594
Turner,Georgia,13287,879
Turner,South Dakota,46125,34
Tuscarawas,Ohio,39157,70936
Tuscola,Michigan,26157,157188
Twiggs,Georgia,13289,9158
Tyler,Texas,48457,9034
Tyler,West Virginia,54095,52296
Ulster,New York,36111,1765561
Union,Arkansas,5139,31355
Union,Florida,12125,12865
Union,Illinois,17181,3593
Union,Indiana,18161,166
Union,Iowa,19175,1254
Union,Kentucky,21225,2101
Union,Louisiana,22111,2163
Union,New Jersey,34039,59425
Union,North Carolina,37179,80128
Union,Ohio,39159,6915
Union,Pennsylvania,42119,14881
Union,South Carolina,45087,161
Union,Tennessee,47173,304
Upshur,Texas,48459,10927
Upshur,West Virginia,54097,96838
Upson,Georgia,13293,9283
Upton,Texas,48461,6674
Uvalde,Texas,48463,19956
Val Verde,Texas,48465,7183
Van Buren,Iowa,19177,7113
Van Buren,Michigan,26159,79712
Van Wert,Ohio,39161,11916
Van Zandt,Texas,48467,102677
Vance,North Carolina,37181,25818
Venango,Pennsylvania,42121,33985
Ventura,California,6111,1142764
Vermilion,Illinois,17183,18946
Vermilion,Louisiana,22113,4798
Vermillion,Indiana,18165,2888
Vernon,Louisiana,22115,148405
Vernon,Wisconsin,55123,3021
Victoria,Texas,48469,62127
Vigo,Indiana,18167,86892
Vilas,Wisconsin,55125,227709
Vinton,Ohio,39163,23515
Volusia,Florida,12127,205769
Wabash,Illinois,17185,14
Wabash,Indiana,18169,18519
Wabasha,Minnesota,27157,905
Wabaunsee,Kansas,20197,11
Wadena,Minnesota,27159,2040
Wagoner,Oklahoma,40145,8373
Wake,North Carolina,37183,322078
Wakulla,Florida,12129,6009
Waldo,Maine,23027,3933356
Walker,Georgia,13295,620
Walker,Texas,48471,104034
Waller,Texas,48473,44343
Walthall,Mississippi,28147,14658
Walton,Florida,12131,66404
Walton,Georgia,13297,1193
Walworth,Wisconsin,55127,42081
Wapello,Iowa,19179,5402
Ward,North Dakota,38101,1696
Ward,Texas,48475,18449
Ware,Georgia,13299,2203
Warren,Georgia,13301,4719
Warren,Illinois,17187,6769
Warren,Indiana,18171,4413
Warren,Iowa,19181,10
Warren,Mississippi,28149,50235
Warren,Missouri,29219,31984
Warren,New York,36113,561861
Warren,North Carolina,37185,1988
Warren,Ohio,39165,178160
Warren,Pennsylvania,42123,53324
Warren,Virginia,51187,34809
Warrick,Indiana,18173,5529
Waseca,Minnesota,27161,2564
Washburn,Wisconsin,55129,158
Washington,Arkansas,5143,24846
Washington,Florida,12133,20561
Washington,Georgia,13303,400
Washington,Illinois,17189,823
Washington,Indiana,18175,1145
Washington,Iowa,19183,3857
Washington,Kentucky,21229,213
Washington,Louisiana,22117,67754
Washington,Maine,23029,192294
Washington,Maryland,24043,164806
Washington,Minnesota,27163,72368
Washington,Mississippi,28151,22378
Washington,Missouri,29221,2686
Washington,New York,36115,389717
Washington,Ohio,39167,80221
Washington,Oklahoma,40147,7328
Washington,Oregon,41067,2442593
Washington,Pennsylvania,42125,326331
Washington,Rhode Island,44009,58304
Washington,Tennessee,47179,1654
Washington,Texas,48477,8974
Washington,Vermont,50023,1031819
Washington,Virginia,51191,170429
Washington,Wisconsin,55131,22014
Washita,Oklahoma,40149,5914
Washtenaw,Michigan,26161,1238665
Watonwan,Minnesota,27165,2997
Waukesha,Wisconsin,55133,55446
Waupaca,Wisconsin,55135,40894
Waushara,Wisconsin,55137,1166
Wayne,Georgia,13305,1906
Wayne,Illinois,17191,8
Wayne,Indiana,18177,5166
Wayne,Iowa,19185,63
Wayne,Michigan,26163,5912265
Wayne,Mississippi,28153,1492
Wayne,New York,36117,125305
Wayne,North Carolina,37191,20369
Wayne,Ohio,39169,163296
Wayne,Pennsylvania,42127,144816
Wayne,West Virginia,54099,278346
Webb,Texas,48479,70787
Webster,Georgia,13307,1454
Webster,Iowa,19187,376
Webster,Kentucky,21233,153
Webster,Louisiana,22119,18352
Webster,Mississippi,28155,2778
Webster,Missouri,29225,107
Webster,West Virginia,54101,26114
Weld,Colorado,8123,45975
Wells,Indiana,18179,9910
West Baton Rouge,Louisiana,22121,8348
West Carroll,Louisiana,22123,3817
West Feliciana,Louisiana,22125,512
Westchester,New York,36119,767933
Westmoreland,Pennsylvania,42129,163872
Westmoreland,Virginia,51193,7424
Wetzel,West Virginia,54103,23331
Wexford,Michigan,26165,15048
Wharton,Texas,48481,44092
Wheeler,Georgia,13309,4187
Wheeler,Texas,48483,12835
White,Arkansas,5145,30332
White,Georgia,13311,45000
White,Illinois,17193,67
Whiteside,Illinois,17195,30463
Whitfield,Georgia,13313,2385
Whitley,Indiana,18183,19680
Whitley,Kentucky,21235,887
Whitman,Washington,53075,27292
Wichita,Texas,48485,73626
Wilbarger,Texas,48487,5708
Wilcox,Alabama,1131,3772
Wilcox,Georgia,13315,390
Wilkes,Georgia,13317,2226
Wilkes,North Carolina,37193,25887
Wilkin,Minnesota,27167,184
Wilkinson,Georgia,13319,9614
Wilkinson,Mississippi,28157,6311
Will,Illinois,17197,120728
Willacy,Texas,48489,11184
Williams,Ohio,39171,17728
Williamsburg,South Carolina,45089,8665
Williamson,Illinois,17199,8130
Williamson,Tennessee,47187,2346
Williamson,Texas,48491,43573
Wilson,Kansas,20205,34
Wilson,North Carolina,37195,194
Wilson,Tennessee,47189,996
Wilson,Texas,48493,16922
Windham,Connecticut,9015,80938
Windham,Vermont,50025,966308
Windsor,Vermont,50027,1160968
Winkler,Texas,48495,4861
Winn,Louisiana,22127,14147
Winnebago,Illinois,17201,33135
Winnebago,Wisconsin,55139,61798
Winneshiek,Iowa,19191,1790
Winona,Minnesota,27169,2073
Wirt,West Virginia,54105,10382
Wise,Texas,48497,8614
Wise,Virginia,51195,16210
Wood,Ohio,39173,19929
Wood,Texas,48499,5733
Wood,West Virginia,54107,165254
Wood,Wisconsin,55141,9352
Woodbury,Iowa,19193,732
Woodford,Illinois,17203,33252
Woodford,Kentucky,21239,4267
Woodruff,Arkansas,5147,2863
Woodson,Kansas,20207,40
Woodward,Oklahoma,40153,1602
Worcester,Massachusetts,25027,875377
Worth,Georgia,13321,924
Worth,Iowa,19195,1304
Wright,Iowa,19197,460
Wright,Minnesota,27171,4062
Wyandot,Ohio,39175,3921
Wyandotte,Kansas,20209,66787
Wyoming,New York,36121,157430
Wyoming,Pennsylvania,42131,26647
Wyoming,West Virginia,54109,116432
Wythe,Virginia,51197,156550
Yadkin,North Carolina,37197,12000
Yalobusha,Mississippi,28161,2639
Yamhill,Oregon,41071,193679
Yancey,North Carolina,37199,131
Yates,New York,36123,6497
Yazoo,Mississippi,28163,1499
Yell,Arkansas,5149,5750
Yellow Medicine,Minnesota,27173,13
Yoakum,Texas,48501,1396
Yolo,California,6113,232762
York,Maine,23031,4165178
York,Nebraska,31185,1068
York,Pennsylvania,42133,151053
York,South Carolina,45091,28966
Young,Texas,48503,962
Zapata,Texas,48505,5055
Zavala,Texas,48507,12123
