county,state,fips_code,customers_out
Abbeville,South Carolina,45001,239936
Acadia,Louisiana,22001,179432
Accomack,Virginia,51001,404385
Ada,Idaho,16001,218374
Adair,Iowa,19001,15298
Adair,Kentucky,21001,3636
Adair,Missouri,29001,49557
Adair,Oklahoma,40001,5982
Adams,Colorado,8001,1084606
Adams,Idaho,16003,32849
Adams,Illinois,17001,3370747
Adams,Indiana,18001,138900
Adams,Iowa,19003,7195
Adams,Mississippi,28001,361934
Adams,Ohio,39001,221492
Adams,Pennsylvania,42001,321427
Adams,Washington,53001,58966
Adams,Wisconsin,55001,62217
Addison,Vermont,50001,235135
Aiken,South Carolina,45003,354273
Aitkin,Minnesota,27001,227149
Alachua,Florida,12001,1040402
Alamance,North Carolina,37001,553568
Alamosa,Colorado,8003,13947
Albany,New York,36001,1415832
Albemarle,Virginia,51003,753681
Alcona,Michigan,26001,2379017
Alexander,Illinois,17003,55712
Alexander,North Carolina,37003,100401
Alexandria,Virginia,51510,558233
Alfalfa,Oklahoma,40003,9795
Alger,Michigan,26003,58566
Allamakee,Iowa,19005,55065
Allegan,Michigan,26005,1363316
Allegany,Maryland,24001,397130
Allegany,New York,36003,383061
Alleghany,North Carolina,37005,5240
Alleghany,Virginia,51005,72783
Allegheny,Pennsylvania,42003,3136898
Allen,Indiana,18003,5903760
Allen,Kansas,20001,10004
Allen,Kentucky,21003,155037
Allen,Louisiana,22003,585230
Allen,Ohio,39003,360225
Allendale,South Carolina,45005,17131
Alpena,Michigan,26007,4245
Amador,California,6005,85
Amelia,Virginia,51007,34056
Amherst,Virginia,51009,384590
Amite,Mississippi,28005,147608
Anderson,Kansas,20003,34606
Anderson,Kentucky,21005,141103
Anderson,South Carolina,45007,4919353
Anderson,Tennessee,47001,158613
Anderson,Texas,48001,570020
Andrew,Missouri,29003,69323
Andrews,Texas,48003,444564
Androscoggin,Maine,23001,512881
Angelina,Texas,48005,736472
Anne Arundel,Maryland,24003,2549624
Anoka,Minnesota,27003,222251
Anson,North Carolina,37007,281268
Antelope,Nebraska,31003,41
Antrim,Michigan,26009,1917740
Apache,Arizona,4001,38579
Appanoose,Iowa,19007,49669
Appling,Georgia,13001,12987
Appomattox,Virginia,51011,43267
Aransas,Texas,48007,474853
Arapahoe,Colorado,8005,1735211
Archer,Texas,48009,79364
Arenac,Michigan,26011,1628385
Arkansas,Arkansas,5001,292933
Arlington,Virginia,51013,597439
Armstrong,Pennsylvania,42005,484942
Armstrong,Texas,48011,11444
Aroostook,Maine,23003,373240
Ascension,Louisiana,22005,2237802
Ashe,North Carolina,37009,32838
Ashland,Ohio,39005,155366
Ashland,Wisconsin,55003,67367
Ashley,Arkansas,5003,318144
Ashtabula,Ohio,39007,986402
Asotin,Washington,53003,20142
Assumption,Louisiana,22007,1101987
Atascosa,Texas,48013,104609
Atchison,Kansas,20005,30478
Atchison,Missouri,29005,3439
Athens,Ohio,39009,680722
Atkinson,Georgia,13003,11191
Atlantic,New Jersey,34001,3558920
Atoka,Oklahoma,40005,73635
Attala,Mississippi,28007,144296
Audrain,Missouri,29007,16181
Audubon,Iowa,19009,24535
Auglaize,Ohio,39011,22891
Augusta,Virginia,51015,192607
Austin,Texas,48015,167159
Autauga,Alabama,1001,197139
Avery,North Carolina,37011,2013
Avoyelles,Louisiana,22009,396377
Bacon,Georgia,13005,20253
Bailey,Texas,48017,84279
Baker,Florida,12003,101810
Baker,Georgia,13007,4712
Baldwin,Alabama,1003,212359
Baldwin,Georgia,13009,107180
Ballard,Kentucky,21007,4224
Baltimore,Maryland,24005,2499934
Baltimore,Maryland,24510,1954318
Bamberg,South Carolina,45009,10157
Bandera,Texas,48019,96
Banks,Georgia,13011,549272
Bannock,Idaho,16005,43267
Baraga,Michigan,26013,33033
Barbour,West Virginia,54001,897980
Barnes,North Dakota,38003,15214
Barnstable,Massachusetts,25001,2173193
Barnwell,South Carolina,45011,12350
Barren,Kentucky,21009,25384
Barron,Wisconsin,55005,182153
Barrow,Georgia,13013,533457
Barry,Michigan,26015,460998
Bartholomew,Indiana,18005,447
Barton,Kansas,20009,67903
Barton,Missouri,29011,10892
Bartow,Georgia,13015,291206
Bastrop,Texas,48021,606332
Bates,Missouri,29013,63936
Bath,Kentucky,21011,73442
Baxter,Arkansas,5005,40942
Bay,Florida,12005,405418
Bay,Michigan,26017,370153
Bayfield,Wisconsin,55007,49962
Baylor,Texas,48023,643
Beaufort,North Carolina,37013,107817
Beaufort,South Carolina,45013,538490
Beauregard,Louisiana,22011,977759
Beaver,Pennsylvania,42007,415133
Becker,Minnesota,27005,33463
Beckham,Oklahoma,40009,329127
Bedford,Pennsylvania,42009,261154
Bedford,Tennessee,47003,284620
Bedford,Virginia,51019,611902
Bee,Texas,48025,1294519
Belknap,New Hampshire,33001,233169
Bell,Kentucky,21013,142115
Belmont,Ohio,39013,356084
Beltrami,Minnesota,27007,141295
Ben Hill,Georgia,13017,747
Benewah,Idaho,16009,600454
Bennington,Vermont,50003,318189
Benton,Arkansas,5007,94761
Benton,Indiana,18007,197582
Benton,Iowa,19011,85283
Benton,Minnesota,27009,115484
Benton,Missouri,29015,105429
Benzie,Michigan,26019,439656
Bergen,New Jersey,34003,2511806
Berkeley,South Carolina,45015,134546
Berkeley,West Virginia,54003,368350
Berks,Pennsylvania,42011,2149630
Berkshire,Massachusetts,25003,743359
Bernalillo,New Mexico,35001,1004761
Berrien,Georgia,13019,39683
Berrien,Michigan,26021,3038820
Bertie,North Carolina,37015,159001
Bexar,Texas,48029,2464495
Bibb,Alabama,1007,117
Bibb,Georgia,13021,494390
Bienville,Louisiana,22013,275920
Bingham,Idaho,16011,38786
Black Hawk,Iowa,19013,84456
Blackford,Indiana,18009,33756
Bladen,North Carolina,37017,344157
Blaine,Idaho,16013,8230
Blaine,Oklahoma,40011,245160
Blair,Pennsylvania,42013,336580
Bland,Virginia,51021,210976
Bleckley,Georgia,13023,9290
Blount,Tennessee,47009,2018302
Blue Earth,Minnesota,27013,70932
Boise,Idaho,16015,47148
Bolivar,Mississippi,28011,266115
Bond,Illinois,17005,47597
Bonner,Idaho,16017,721246
Boone,Arkansas,5009,293051
Boone,Illinois,17007,153080
Boone,Indiana,18011,45287
Boone,Iowa,19015,82034
Boone,Kentucky,21015,208343
Boone,Missouri,29019,218292
Boone,West Virginia,54005,1157922
Borden,Texas,48033,1149
Bossier,Louisiana,22015,1511014
Botetourt,Virginia,51023,275972
Boulder,Colorado,8013,688037
Bourbon,Kansas,20011,67343
Bourbon,Kentucky,21017,61238
Bowie,Texas,48037,804254
Boyd,Kentucky,21019,480103
Boyd,Nebraska,31015,177
Boyle,Kentucky,21021,66947
Bracken,Kentucky,21023,36349
Bradford,Florida,12007,156213
Bradford,Pennsylvania,42015,652927
Bradley,Arkansas,5011,106018
Branch,Michigan,26023,379714
Brantley,Georgia,13025,4267
Braxton,West Virginia,54007,2167538
Brazoria,Texas,48039,378349
Brazos,Texas,48041,4219
Breathitt,Kentucky,21025,625630
Breckinridge,Kentucky,21027,29
Bremer,Iowa,19017,5656
Brevard,Florida,12009,2100419
Brewster,Texas,48043,340198
Briscoe,Texas,48045,6659
Bristol,Massachusetts,25005,805936
Bristol,Rhode Island,44001,537183
Bronx,New York,36005,479462
Brooke,West Virginia,54009,227878
Brooks,Georgia,13027,11801
Brooks,Texas,48047,156577
Broome,New York,36007,768982
Broomfield,Colorado,8014,109120
Broward,Florida,12011,7421218
Brown,Illinois,17009,19747
Brown,Indiana,18013,314003
Brown,Kansas,20013,57463
Brown,Minnesota,27015,4764
Brown,Nebraska,31017,475
Brown,Ohio,39015,553412
Brown,Texas,48049,78036
Brown,Wisconsin,55009,890590
Brunswick,North Carolina,37019,358435
Brunswick,Virginia,51025,165756
Bryan,Georgia,13029,103919
Bryan,Oklahoma,40013,123852
Buchanan,Iowa,19019,30652
Buchanan,Missouri,29021,216017
Buchanan,Virginia,51027,255534
Buckingham,Virginia,51029,105176
Bucks,Pennsylvania,42017,2530655
Buena Vista,Iowa,19021,26092
Buena Vista,Virginia,51530,3394
Buffalo,Nebraska,31019,18336
Buffalo,Wisconsin,55011,46081
Bullitt,Kentucky,21029,113835
Bulloch,Georgia,13031,128270
Bullock,Alabama,1011,479
Buncombe,North Carolina,37021,1532394
Bureau,Illinois,17011,257389
Burke,Georgia,13033,93117
Burke,North Carolina,37023,136762
Burleson,Texas,48051,154059
Burlington,New Jersey,34005,8249302
Burnet,Texas,48053,1
Burt,Nebraska,31021,1286
Butler,Alabama,1013,53832
Butler,Iowa,19023,11938
Butler,Kansas,20015,430591
Butler,Ohio,39017,1223030
Butler,Pennsylvania,42019,953687
Butts,Georgia,13035,18386
Cabarrus,North Carolina,37025,618214
Cabell,West Virginia,54011,2653117
Caddo,Louisiana,22017,3801136
Caddo,Oklahoma,40015,6725839
Calcasieu,Louisiana,22019,2518271
Caldwell,Kentucky,21033,17079
Caldwell,Louisiana,22021,115978
Caldwell,Missouri,29025,8437
Caldwell,North Carolina,37027,259832
Caldwell,Texas,48055,202916
Caledonia,Vermont,50005,85123
Calhoun,Arkansas,5013,58668
Calhoun,Florida,12013,169333
Calhoun,Georgia,13037,17829
Calhoun,Illinois,17013,114291
Calhoun,Iowa,19025,66595
Calhoun,Michigan,26025,1023596
Calhoun,Mississippi,28013,3868
Calhoun,South Carolina,45017,6225
Calhoun,Texas,48057,72175
Calhoun,West Virginia,54013,1325344
Callahan,Texas,48059,61023
Callaway,Missouri,29027,16884
Calumet,Wisconsin,55015,171059
Calvert,Maryland,24009,309854
Cambria,Pennsylvania,42021,729164
Camden,Georgia,13039,138516
Camden,Missouri,29029,175184
Camden,New Jersey,34007,18037476
Camden,North Carolina,37029,47456
Cameron,Louisiana,22023,118545
Cameron,Pennsylvania,42023,120597
Cameron,Texas,48061,906299
Camp,Texas,48063,191663
Campbell,Kentucky,21037,566467
Campbell,Tennessee,47013,5392
Campbell,Virginia,51031,351160
Canadian,Oklahoma,40017,4179655
Candler,Georgia,13043,24437
Cannon,Tennessee,47015,95610
Canyon,Idaho,16027,70595
Cape Girardeau,Missouri,29031,155411
Cape May,New Jersey,34009,1433496
Carbon,Pennsylvania,42025,199143
Carlisle,Kentucky,21039,210
Carlton,Minnesota,27017,196371
Caroline,Maryland,24011,64712
Caroline,Virginia,51033,245567
Carroll,Arkansas,5015,69096
Carroll,Georgia,13045,92788
Carroll,Illinois,17015,30031
Carroll,Indiana,18015,104845
Carroll,Iowa,19027,60397
Carroll,Kentucky,21041,22162
Carroll,Maryland,24013,440211
Carroll,Mississippi,28015,54978
Carroll,Missouri,29033,80948
Carroll,New Hampshire,33003,410817
Carroll,Ohio,39019,241768
Carroll,Virginia,51035,410515
Carson,Texas,48065,100548
Carson City,Nevada,32510,183686
Carter,Kentucky,21043,945494
Carter,Oklahoma,40019,89845
Carteret,North Carolina,37031,202880
Carver,Minnesota,27019,216553
Casey,Kentucky,21045,71187
Cass,Illinois,17017,31041
Cass,Indiana,18017,82629
Cass,Iowa,19029,13231
Cass,Michigan,26027,655674
Cass,Minnesota,27021,691726
Cass,Missouri,29037,455193
Cass,Nebraska,31025,104061
Cass,North Dakota,38017,238862
Cass,Texas,48067,325596
Cassia,Idaho,16031,3227
Castro,Texas,48069,14353
Caswell,North Carolina,37033,430474
Catahoula,Louisiana,22025,4530
Catawba,North Carolina,37035,665828
Catoosa,Georgia,13047,7059
Catron,New Mexico,35003,9970
Cattaraugus,New York,36009,427476
Cayuga,New York,36011,424450
Cecil,Maryland,24015,1277985
Cedar,Iowa,19031,61968
Cedar,Missouri,29039,470
Cedar,Nebraska,31027,16
Centre,Pennsylvania,42027,606354
Cerro Gordo,Iowa,19033,96576
Chaffee,Colorado,8015,9700
Chambers,Texas,48071,240944
Champaign,Illinois,17019,410030
Champaign,Ohio,39021,36830
Chariton,Missouri,29041,47730
Charles,Maryland,24017,896864
Charles City,Virginia,51036,72672
Charleston,South Carolina,45019,1635963
Charlevoix,Michigan,26029,1121833
Charlotte,Florida,12015,812931
Charlotte,Virginia,51037,121821
Charlottesville,Virginia,51540,124362
Charlton,Georgia,13049,31557
Chase,Kansas,20017,16960
Chatham,Georgia,13051,1962218
Chatham,North Carolina,37037,1417382
Chattahoochee,Georgia,13053,2981
Chattooga,Georgia,13055,230845
Chautauqua,New York,36013,538273
Chaves,New Mexico,35005,329414
Cheatham,Tennessee,47021,141150
Cheboygan,Michigan,26031,698084
Chemung,New York,36015,304735
Chenango,New York,36017,561056
Cherokee,Georgia,13057,978544
Cherokee,Iowa,19035,4197
Cherokee,Kansas,20021,8234
Cherokee,North Carolina,37039,147411
Cherokee,Oklahoma,40021,328114
Cherokee,South Carolina,45021,73001
Cherokee,Texas,48073,2115469
Cherry,Nebraska,31031,133
Chesapeake,Virginia,51550,655164
Cheshire,New Hampshire,33005,340568
Chester,Pennsylvania,42029,11303854
Chester,South Carolina,45023,194702
Chesterfield,South Carolina,45025,490368
Chesterfield,Virginia,51041,1514085
Cheyenne,Kansas,20023,1084
Chickasaw,Iowa,19037,11791
Chickasaw,Mississippi,28017,39
Chicot,Arkansas,5017,117015
Childress,Texas,48075,46744
Chilton,Alabama,1021,158083
Chippewa,Minnesota,27023,11373
Chippewa,Wisconsin,55017,210967
Chisago,Minnesota,27025,236433
Chittenden,Vermont,50007,347600
Choctaw,Mississippi,28019,32687
Choctaw,Oklahoma,40023,64860
Chowan,North Carolina,37041,32370
Christian,Illinois,17021,168358
Christian,Kentucky,21047,4179
Christian,Missouri,29043,17140
Churchill,Nevada,32001,42722
Citrus,Florida,12017,702455
Clackamas,Oregon,41005,4481822
Claiborne,Louisiana,22027,86007
Claiborne,Mississippi,28021,116754
Clare,Michigan,26035,1845484
Clarendon,South Carolina,45027,239384
Clarion,Pennsylvania,42031,388123
Clark,Arkansas,5019,744970
Clark,Illinois,17023,13262
Clark,Indiana,18019,429069
Clark,Kentucky,21049,40687
Clark,Missouri,29045,3935
Clark,Nevada,32003,1682803
Clark,Ohio,39023,348481
Clark,Wisconsin,55019,106175
Clarke,Alabama,1025,8
Clarke,Georgia,13059,848234
Clarke,Iowa,19039,52922
Clarke,Mississippi,28023,43728
Clarke,Virginia,51043,141130
Clay,Arkansas,5021,160797
Clay,Florida,12019,1017455
Clay,Georgia,13061,47538
Clay,Illinois,17025,18487
Clay,Indiana,18021,85916
Clay,Iowa,19041,15368
Clay,Kansas,20027,3659
Clay,Kentucky,21051,27004
Clay,Minnesota,27027,16381
Clay,Mississippi,28025,19810
Clay,Missouri,29047,1973579
Clay,North Carolina,37043,2548
Clay,Tennessee,47027,138705
Clay,Texas,48077,31641
Clay,West Virginia,54015,1130315
Clayton,Georgia,13063,800020
Clayton,Iowa,19043,91583
Clear Creek,Colorado,8019,22001
Clearfield,Pennsylvania,42033,556875
Clearwater,Idaho,16035,166032
Cleburne,Arkansas,5023,173223
Clermont,Ohio,39025,1676924
Cleveland,Arkansas,5025,130693
Cleveland,North Carolina,37045,279419
Cleveland,Oklahoma,40027,585819
Clinch,Georgia,13065,7880
Clinton,Illinois,17027,49852
Clinton,Indiana,18023,118049
Clinton,Iowa,19045,321790
Clinton,Kentucky,21053,7527
Clinton,Michigan,26037,347139
Clinton,Missouri,29049,60611
Clinton,New York,36019,305149
Clinton,Ohio,39027,305451
Clinton,Pennsylvania,42035,294495
Cloud,Kansas,20029,4277
Coahoma,Mississippi,28027,144823
Coal,Oklahoma,40029,34771
Cobb,Georgia,13067,967530
Cochran,Texas,48079,25340
Coffee,Alabama,1031,65207
Coffee,Georgia,13069,10307
Coffee,Tennessee,47031,693827
Coffey,Kansas,20031,27746
Coke,Texas,48081,30448
Cole,Missouri,29051,80666
Coleman,Texas,48083,7647
Coles,Illinois,17029,97796
Colfax,Nebraska,31037,413
Colleton,South Carolina,45029,109148
Collier,Florida,12021,1539099
Collin,Texas,48085,1948543
Collingsworth,Texas,48087,372410
Colonial Heights,Virginia,51570,26079
Colorado,Texas,48089,296585
Colquitt,Georgia,13071,16603
Columbia,Arkansas,5027,431209
Columbia,Florida,12023,423752
Columbia,Georgia,13073,325431
Columbia,New York,36021,522979
Columbia,Pennsylvania,42037,377011
Columbia,Wisconsin,55021,127910
Columbiana,Ohio,39029,686321
Columbus,North Carolina,37047,198975
Comal,Texas,48091,39163
Comanche,Oklahoma,40031,5652924
Comanche,Texas,48093,16370
Concho,Texas,48095,4585
Concordia,Louisiana,22029,244964
Conecuh,Alabama,1035,305
Conejos,Colorado,8021,28447
Conway,Arkansas,5029,135505
Cook,Georgia,13075,12776
Cook,Illinois,17031,13707939
Cooke,Texas,48097,80324
Cooper,Missouri,29053,191340
Coos,New Hampshire,33007,370980
Coosa,Alabama,1037,114068
Copiah,Mississippi,28029,366962
Cortland,New York,36023,220396
Coryell,Texas,48099,131705
Coshocton,Ohio,39031,158641
Costilla,Colorado,8023,8516
Cottle,Texas,48101,695
Cotton,Oklahoma,40033,318325
Cottonwood,Minnesota,27033,3696
Covington,Alabama,1039,73876
Covington,Mississippi,28031,95396
Covington,Virginia,51580,29856
Coweta,Georgia,13077,124725
Cowley,Kansas,20035,149406
Craig,Oklahoma,40035,106842
Craig,Virginia,51045,20515
Craighead,Arkansas,5031,223978
Crane,Texas,48103,54438
Craven,North Carolina,37049,414672
Crawford,Arkansas,5033,120760
Crawford,Georgia,13079,82191
Crawford,Illinois,17033,21960
Crawford,Indiana,18025,103849
Crawford,Iowa,19047,37992
Crawford,Kansas,20037,66799
Crawford,Michigan,26039,1874642
Crawford,Ohio,39033,89633
Crawford,Pennsylvania,42039,557998
Crawford,Wisconsin,55023,73833
Creek,Oklahoma,40037,225289
Crenshaw,Alabama,1041,54709
Crisp,Georgia,13081,189
Crittenden,Arkansas,5035,409728
Crittenden,Kentucky,21055,15710
Crockett,Texas,48105,27441
Crosby,Texas,48107,54466
Cross,Arkansas,5037,96342
Crow Wing,Minnesota,27035,956305
Crowley,Colorado,8025,27156
Culberson,Texas,48109,396529
Culpeper,Virginia,51047,213383
Cumberland,Illinois,17035,3713
Cumberland,Kentucky,21057,91415
Cumberland,Maine,23005,1123506
Cumberland,New Jersey,34011,627437
Cumberland,North Carolina,37051,1036497
Cumberland,Pennsylvania,42041,556968
Cumberland,Virginia,51049,124422
Currituck,North Carolina,37053,93429
Curry,New Mexico,35009,840194
Custer,Colorado,8027,41561
Custer,Oklahoma,40039,1573555
Cuyahoga,Ohio,39035,5888323
Dade,Georgia,13083,124704
Dade,Missouri,29057,315
Dakota,Minnesota,27037,535062
Dakota,Nebraska,31043,32224
Dale,Alabama,1045,5328
Dallam,Texas,48111,32068
Dallas,Alabama,1047,86617
Dallas,Arkansas,5039,356279
Dallas,Iowa,19049,149445
Dallas,Texas,48113,8321314
Dane,Wisconsin,55025,404491
Danville,Virginia,51590,11
Dare,North Carolina,37055,107266
Darke,Ohio,39037,80195
Darlington,South Carolina,45031,592470
Dauphin,Pennsylvania,42043,835537
Davidson,North Carolina,37057,580134
Davidson,Tennessee,47037,3687552
Davie,North Carolina,37059,214217
Daviess,Indiana,18027,10778
Daviess,Kentucky,21059,38762
Daviess,Missouri,29061,9180
Davis,Iowa,19051,37979
Dawes,Nebraska,31045,5985
Dawson,Georgia,13085,914664
Dawson,Nebraska,31047,6191
Dawson,Texas,48115,560055
De Soto,Louisiana,22031,875700
De Witt,Illinois,17039,62202
DeKalb,Georgia,13089,2688335
DeKalb,Illinois,17037,322481
DeKalb,Indiana,18033,271837
DeKalb,Missouri,29063,26202
DeKalb,Tennessee,47041,3544
DeSoto,Florida,12027,253852
DeSoto,Mississippi,28033,796409
DeWitt,Texas,48123,117687
Deaf Smith,Texas,48117,50375
Dearborn,Indiana,18029,178518
Decatur,Georgia,13087,117002
Decatur,Indiana,18031,46488
Decatur,Iowa,19053,13473
Decatur,Kansas,20039,246
Defiance,Ohio,39039,195750
Delaware,Indiana,18035,551388
Delaware,Iowa,19055,62684
Delaware,New York,36025,388165
Delaware,Ohio,39041,565065
Delaware,Oklahoma,40041,806382
Delaware,Pennsylvania,42045,14799512
Delta,Michigan,26041,637583
Delta,Texas,48119,11750
Dent,Missouri,29065,3
Denton,Texas,48121,968317
Denver,Colorado,8031,2060736
Des Moines,Iowa,19057,441279
Desha,Arkansas,5041,246631
Deuel,Nebraska,31049,6142
Dewey,Oklahoma,40043,60337
Dickens,Texas,48125,12469
Dickenson,Virginia,51051,350223
Dickinson,Iowa,19059,29034
Dickinson,Kansas,20041,72687
Dickinson,Michigan,26043,48094
Dickson,Tennessee,47043,2396
Dillon,South Carolina,45033,203360
Dimmit,Texas,48127,146571
Dinwiddie,Virginia,51053,213896
District of Columbia,District of Columbia,11001,3316065
Dixie,Florida,12029,180814
Doddridge,West Virginia,54017,1268552
Dodge,Georgia,13091,14259
Dodge,Minnesota,27039,5261
Dodge,Nebraska,31053,9492
Dodge,Wisconsin,55027,262450
Doniphan,Kansas,20043,23150
Donley,Texas,48129,143449
Dooly,Georgia,13093,23670
Door,Wisconsin,55029,964667
Dorchester,Maryland,24019,86880
Dorchester,South Carolina,45035,283472
Dougherty,Georgia,13095,27622
Douglas,Colorado,8035,262603
Douglas,Georgia,13097,219304
Douglas,Illinois,17041,85481
Douglas,Kansas,20045,210273
Douglas,Minnesota,27041,5831
Douglas,Nebraska,31055,1329171
Douglas,Nevada,32005,288838
Douglas,Wisconsin,55031,45498
Doña Ana,New Mexico,35013,1279326
Drew,Arkansas,5043,390311
DuPage,Illinois,17043,2632330
Dubuque,Iowa,19061,205531
Dukes,Massachusetts,25007,141708
Dunklin,Missouri,29069,15714
Dunn,Wisconsin,55033,60418
Duplin,North Carolina,37061,199941
Durham,North Carolina,37063,3492087
Dutchess,New York,36027,2317200
Duval,Florida,12031,3376847
Duval,Texas,48131,241512
Eagle,Colorado,8037,1138603
Early,Georgia,13099,4872
East Baton Rouge,Louisiana,22033,8610476
East Carroll,Louisiana,22035,86701
East Feliciana,Louisiana,22037,266876
Eastland,Texas,48133,117584
Eaton,Michigan,26045,593136
Eau Claire,Wisconsin,55035,104084
Echols,Georgia,13101,26355
Ector,Texas,48135,2203449
Eddy,New Mexico,35015,327695
Edgar,Illinois,17045,27608
Edgecombe,North Carolina,37065,101809
Edgefield,South Carolina,45037,103958
Edmonson,Kentucky,21061,1574
Edwards,Illinois,17047,13954
Edwards,Kansas,20047,23605
Edwards,Texas,48137,7009
Effingham,Georgia,13103,219426
Effingham,Illinois,17049,57267
El Dorado,California,6017,5
El Paso,Colorado,8041,480655
El Paso,Texas,48141,2612880
Elbert,Georgia,13105,50468
Elk,Kansas,20049,103815
Elk,Pennsylvania,42047,256730
Elkhart,Indiana,18039,2014780
Elko,Nevada,32007,150054
Elliott,Kentucky,21063,9875
Ellis,Kansas,20051,38570
Ellis,Oklahoma,40045,24432
Ellis,Texas,48139,991870
Ellsworth,Kansas,20053,558
Elmore,Alabama,1051,255248
Elmore,Idaho,16039,85058
Emanuel,Georgia,13107,77138
Emmet,Iowa,19063,2507
Emmet,Michigan,26047,944439
Emporia,Virginia,51595,29791
Erath,Texas,48143,134440
Erie,New York,36029,3654716
Erie,Ohio,39043,359965
Erie,Pennsylvania,42049,2693415
Escambia,Alabama,1053,1
Escambia,Florida,12033,1208667
Esmeralda,Nevada,32009,13377
Essex,Massachusetts,25009,1684250
Essex,New Jersey,34013,2250692
Essex,New York,36031,604887
Essex,Vermont,50009,167613
Essex,Virginia,51057,95257
Estill,Kentucky,21065,67962
Eureka,Nevada,32011,7093
Evangeline,Louisiana,22039,292398
Evans,Georgia,13109,4219
Fairfax,Virginia,51059,4065561
Fairfax City,Virginia,51600,122325
Fairfield,Connecticut,9001,3431783
Fairfield,Ohio,39045,528313
Fairfield,South Carolina,45039,221833
Falls,Texas,48145,135826
Falls Church,Virginia,51610,55259
Fannin,Georgia,13111,21978
Fannin,Texas,48147,63713
Faribault,Minnesota,27043,5995
Faulkner,Arkansas,5045,570728
Fauquier,Virginia,51061,446103
Fayette,Georgia,13113,118206
Fayette,Illinois,17051,32201
Fayette,Indiana,18041,54699
Fayette,Iowa,19065,44253
Fayette,Kentucky,21067,757805
Fayette,Ohio,39047,112079
Fayette,Pennsylvania,42051,1041443
Fayette,Texas,48149,43713
Fayette,West Virginia,54019,1670135
Ferry,Washington,53019,98292
Fillmore,Minnesota,27045,1818
Fillmore,Nebraska,31059,944
Fisher,Texas,48151,17224
Flagler,Florida,12035,325751
Flathead,Montana,30029,914911
Fleming,Kentucky,21069,37953
Florence,South Carolina,45041,506170
Florence,Wisconsin,55037,62897
Floyd,Georgia,13115,291388
Floyd,Indiana,18043,231925
Floyd,Iowa,19067,29246
Floyd,Kentucky,21071,652989
Floyd,Texas,48153,39992
Floyd,Virginia,51063,176237
Fluvanna,Virginia,51065,70294
Foard,Texas,48155,4247
Fond du Lac,Wisconsin,55039,205445
Ford,Illinois,17053,52183
Forest,Pennsylvania,42053,186444
Forest,Wisconsin,55041,171446
Forrest,Mississippi,28035,105433
Forsyth,Georgia,13117,372025
Forsyth,North Carolina,37067,1708040
Fort Bend,Texas,48157,1157467
Fountain,Indiana,18045,81316
Franklin,Arkansas,5047,14903
Franklin,Florida,12037,151366
Franklin,Georgia,13119,255682
Franklin,Idaho,16041,156
Franklin,Illinois,17055,125132
Franklin,Indiana,18047,58795
Franklin,Iowa,19069,7394
Franklin,Kansas,20059,92949
Franklin,Kentucky,21073,72366
Franklin,Louisiana,22041,64455
Franklin,Maine,23007,215524
Franklin,Massachusetts,25011,268157
Franklin,Mississippi,28037,228708
Franklin,Missouri,29071,384159
Franklin,New York,36033,204977
Franklin,North Carolina,37069,419372
Franklin,Ohio,39049,7654496
Franklin,Pennsylvania,42055,398579
Franklin,Tennessee,47051,62752
Franklin,Texas,48159,111486
Franklin,Vermont,50011,120911
Franklin,Virginia,51067,657564
Franklin,Washington,53021,78
Frederick,Maryland,24021,1487749
Frederick,Virginia,51069,139337
Fredericksburg,Virginia,51630,78460
Freeborn,Minnesota,27047,71023
Freestone,Texas,48161,200902
Fremont,Colorado,8043,32550
Fremont,Iowa,19071,13640
Fresno,California,6019,149422
Frio,Texas,48163,116245
Fulton,Arkansas,5049,36542
Fulton,Georgia,13121,3194522
Fulton,Illinois,17057,160711
Fulton,Indiana,18049,128171
Fulton,Kentucky,21075,622
Fulton,New York,36035,139927
Fulton,Ohio,39051,93351
Fulton,Pennsylvania,42057,33557
Furnas,Nebraska,31065,311
Gadsden,Florida,12039,73171
Gaines,Texas,48165,131249
Galax,Virginia,51640,64173
Gallatin,Illinois,17059,32859
Gallatin,Kentucky,21077,32602
Gallia,Ohio,39053,471816
Galveston,Texas,48167,588078
Garden,Nebraska,31069,7943
Garfield,Colorado,8045,215830
Garfield,Oklahoma,40047,560045
Garfield,Washington,53023,2478
Garland,Arkansas,5051,2697969
Garrard,Kentucky,21079,59305
Garrett,Maryland,24023,417795
Garvin,Oklahoma,40049,27856
Garza,Texas,48169,9726
Gasconade,Missouri,29073,97476
Gaston,North Carolina,37071,1137969
Gates,North Carolina,37073,163846
Geary,Kansas,20061,291087
Geauga,Ohio,39055,623295
Gem,Idaho,16045,1931
Genesee,Michigan,26049,2891685
Genesee,New York,36037,222788
Geneva,Alabama,1061,35073
Gentry,Missouri,29075,13279
George,Mississippi,28039,13957
Georgetown,South Carolina,45043,109617
Gibson,Indiana,18051,85818
Gila,Arizona,4007,18853
Gilchrist,Florida,12041,154560
Giles,Tennessee,47055,84699
Giles,Virginia,51071,283904
Gilmer,Georgia,13123,795395
Gilmer,West Virginia,54021,1444422
Gilpin,Colorado,8047,8346
Glades,Florida,12043,18986
Gladwin,Michigan,26051,1545510
Glascock,Georgia,13125,9288
Glasscock,Texas,48173,94533
Gloucester,New Jersey,34015,21892041
Gloucester,Virginia,51073,408336
Glynn,Georgia,13127,242364
Gogebic,Michigan,26053,38319
Goliad,Texas,48175,57063
Gonzales,Texas,48177,133842
Goochland,Virginia,51075,482741
Goodhue,Minnesota,27049,82936
Gooding,Idaho,16047,35045
Gordon,Georgia,13129,93353
Gove,Kansas,20063,11791
Grady,Georgia,13131,18
Grady,Oklahoma,40051,4003645
Grafton,New Hampshire,33009,333464
Graham,Kansas,20065,43
Graham,North Carolina,37075,257273
Grainger,Tennessee,47057,22054
Grand Forks,North Dakota,38035,149209
Grand Isle,Vermont,50013,40769
Grand Traverse,Michigan,26055,1541687
Grant,Arkansas,5053,304443
Grant,Indiana,18053,455427
Grant,Kentucky,21081,102558
Grant,Louisiana,22043,371202
Grant,Minnesota,27051,1829
Grant,New Mexico,35017,247321
Grant,Oklahoma,40053,29859
Grant,West Virginia,54023,269104
Grant,Wisconsin,55043,534978
Granville,North Carolina,37077,568196
Gratiot,Michigan,26057,632840
Gray,Texas,48179,135845
Grayson,Kentucky,21085,5671
Grayson,Texas,48181,585293
Grayson,Virginia,51077,653248
Green,Kentucky,21087,3060
Green,Wisconsin,55045,92856
Green Lake,Wisconsin,55047,46702
Greenbrier,West Virginia,54025,1216947
Greene,Arkansas,5055,24117
Greene,Georgia,13133,67731
Greene,Illinois,17061,102575
Greene,Indiana,18055,40922
Greene,Iowa,19073,51024
Greene,Mississippi,28041,1782
Greene,Missouri,29077,584569
Greene,New York,36039,432011
Greene,North Carolina,37079,22789
Greene,Ohio,39057,509998
Greene,Pennsylvania,42059,424279
Greene,Virginia,51079,56329
Greensville,Virginia,51081,83956
Greenup,Kentucky,21089,259503
Greenville,South Carolina,45045,3166939
Greenwood,Kansas,20073,120959
Greenwood,South Carolina,45047,1865131
Greer,Oklahoma,40055,37418
Gregg,Texas,48183,2051875
Grenada,Mississippi,28043,691609
Grimes,Texas,48185,523033
Grundy,Illinois,17063,734379
Grundy,Iowa,19075,13187
Grundy,Missouri,29079,17013
Grundy,Tennessee,47061,30
Guadalupe,Texas,48187,424828
Guernsey,Ohio,39059,166658
Guilford,North Carolina,37081,2473316
Gulf,Florida,12045,51714
Gunnison,Colorado,8051,31944
Guthrie,Iowa,19077,79396
Gwinnett,Georgia,13135,2462278
Habersham,Georgia,13137,1659767
Hale,Texas,48189,165669
Halifax,North Carolina,37083,159068
Halifax,Virginia,51083,413609
Hall,Georgia,13139,2988916
Hall,Texas,48191,240520
Hamilton,Florida,12047,176777
Hamilton,Illinois,17065,6556
Hamilton,Indiana,18057,897169
Hamilton,Iowa,19079,9273
Hamilton,Nebraska,31081,6578
Hamilton,New York,36041,538582
Hamilton,Ohio,39061,4735603
Hampden,Massachusetts,25013,646800
Hampshire,Massachusetts,25015,344653
Hampshire,West Virginia,54027,481700
Hampton,South Carolina,45049,86570
Hampton,Virginia,51650,456565
Hancock,Georgia,13141,59939
Hancock,Illinois,17067,216448
Hancock,Indiana,18059,60531
Hancock,Iowa,19081,34450
Hancock,Kentucky,21091,11421
Hancock,Maine,23009,1069108
Hancock,Mississippi,28045,36437
Hancock,Ohio,39063,284520
Hancock,West Virginia,54029,298520
Hanover,Virginia,51085,673501
Hansford,Texas,48195,23711
Hanson,South Dakota,46061,14057
Haralson,Georgia,13143,124427
Hardee,Florida,12049,156193
Hardeman,Texas,48197,22318
Hardin,Iowa,19083,39027
Hardin,Kentucky,21093,392243
Hardin,Ohio,39065,75256
Hardin,Texas,48199,420972
Hardy,West Virginia,54031,346464
Harford,Maryland,24025,1142758
Harlan,Kentucky,21095,187133
Harlan,Nebraska,31083,2051
Harmon,Oklahoma,40057,395622
Harnett,North Carolina,37085,516162
Harper,Oklahoma,40059,8300
Harris,Georgia,13145,72872
Harris,Texas,48201,7818866
Harrison,Indiana,18061,55521
Harrison,Iowa,19085,24452
Harrison,Kentucky,21097,37563
Harrison,Mississippi,28047,277750
Harrison,Missouri,29081,27416
Harrison,Ohio,39067,139313
Harrison,Texas,48203,415425
Harrison,West Virginia,54033,2770588
Harrisonburg,Virginia,51660,381
Hart,Georgia,13147,106682
Hart,Kentucky,21099,34757
Hartford,Connecticut,9003,2438487
Hartley,Texas,48205,21989
Harvey,Kansas,20079,112644
Haskell,Oklahoma,40061,32443
Haskell,Texas,48207,14661
Hawkins,Tennessee,47073,81071
Hays,Texas,48209,12616
Haywood,North Carolina,37087,443192
Heard,Georgia,13149,3546
Hemphill,Texas,48211,28884
Hempstead,Arkansas,5057,460065
Henderson,Illinois,17071,519631
Henderson,Kentucky,21101,64519
Henderson,North Carolina,37089,992826
Henderson,Texas,48213,668157
Hendricks,Indiana,18063,426535
Hendry,Florida,12051,193939
Hennepin,Minnesota,27053,4830135
Henrico,Virginia,51087,1495474
Henry,Alabama,1067,37
Henry,Georgia,13151,308916
Henry,Illinois,17073,518711
Henry,Indiana,18065,156504
Henry,Iowa,19087,204814
Henry,Kentucky,21103,23241
Henry,Missouri,29083,199908
Henry,Ohio,39069,108640
Henry,Virginia,51089,1057080
Herkimer,New York,36043,624365
Hernando,Florida,12053,747479
Hertford,North Carolina,37091,186308
Hickman,Kentucky,21105,15013
Hickman,Tennessee,47081,1593
Hickory,Missouri,29085,2482
Hidalgo,New Mexico,35023,6315
Hidalgo,Texas,48215,2721916
Highland,Ohio,39071,539240
Highland,Virginia,51091,8674
Highlands,Florida,12055,488645
Hill,Texas,48217,206429
Hillsborough,Florida,12057,3751891
Hillsborough,New Hampshire,33011,1149665
Hillsdale,Michigan,26059,768540
Hinds,Mississippi,28049,3274040
Hocking,Ohio,39073,320662
Hockley,Texas,48219,63932
Hodgeman,Kansas,20083,5193
Hoke,North Carolina,37093,172234
Holmes,Florida,12059,139496
Holmes,Mississippi,28051,202347
Holmes,Ohio,39075,78174
Holt,Missouri,29087,40252
Holt,Nebraska,31089,3151
Hood,Texas,48221,32355
Hopewell,Virginia,51670,55733
Hopkins,Kentucky,21107,99127
Hopkins,Texas,48223,466264
Horry,South Carolina,45051,3295716
Hot Spring,Arkansas,5059,559876
Houghton,Michigan,26061,140441
Houston,Alabama,1069,67964
Houston,Georgia,13153,267861
Houston,Minnesota,27055,4336
Houston,Texas,48225,88930
Howard,Arkansas,5061,331289
Howard,Indiana,18067,432363
Howard,Iowa,19089,19294
Howard,Maryland,24027,674621
Howard,Missouri,29089,31326
Howard,Texas,48227,227102
Hubbard,Minnesota,27057,739225
Hudson,New Jersey,34017,879161
Hudspeth,Texas,48229,94520
Hughes,Oklahoma,40063,107814
Humboldt,Iowa,19091,10460
Humboldt,Nevada,32013,93629
Humphreys,Mississippi,28053,105769
Hunt,Texas,48231,104877
Hunterdon,New Jersey,34019,656566
Huntingdon,Pennsylvania,42061,175154
Huntington,Indiana,18069,131617
Huron,Michigan,26063,2716525
Huron,Ohio,39077,252045
Hutchinson,Texas,48233,272040
Iberia,Louisiana,22045,345129
Iberville,Louisiana,22047,631593
Ida,Iowa,19093,10268
Idaho,Idaho,16049,297291
Imperial,California,6025,15011
Independence,Arkansas,5063,278804
Indian River,Florida,12061,447937
Indiana,Pennsylvania,42063,584645
Ingham,Michigan,26065,611167
Inyo,California,6027,187234
Ionia,Michigan,26067,764261
Iosco,Michigan,26069,2251058
Iowa,Iowa,19095,85076
Iowa,Wisconsin,55049,128278
Iredell,North Carolina,37097,552622
Irion,Texas,48235,11807
Iron,Michigan,26071,56709
Iron,Missouri,29093,52954
Iron,Wisconsin,55051,35139
Iroquois,Illinois,17075,58129
Irwin,Georgia,13155,10107
Isabella,Michigan,26073,452229
Island,Washington,53029,3401678
Isle of Wight,Virginia,51093,96276
Itasca,Minnesota,27061,208567
Izard,Arkansas,5065,51612
Jack,Texas,48237,27632
Jackson,Alabama,1071,6
Jackson,Arkansas,5067,61568
Jackson,Florida,12063,247421
Jackson,Georgia,13157,394954
Jackson,Illinois,17077,122463
Jackson,Indiana,18071,173184
Jackson,Iowa,19097,13305
Jackson,Kansas,20085,41178
Jackson,Kentucky,21109,2
Jackson,Louisiana,22049,197362
Jackson,Michigan,26075,1378849
Jackson,Minnesota,27063,4860
Jackson,Mississippi,28059,191315
Jackson,Missouri,29095,8344208
Jackson,North Carolina,37099,381989
Jackson,Ohio,39079,404757
Jackson,Oklahoma,40065,360580
Jackson,Tennessee,47087,936
Jackson,Texas,48239,76361
Jackson,West Virginia,54035,2124426
Jackson,Wisconsin,55053,962
James City,Virginia,51095,288070
Jasper,Georgia,13159,26489
Jasper,Illinois,17079,4699
Jasper,Indiana,18073,22500
Jasper,Iowa,19099,107434
Jasper,Mississippi,28061,55631
Jasper,Missouri,29097,68282
Jasper,South Carolina,45053,66281
Jasper,Texas,48241,111
Jay,Indiana,18075,44918
Jeff Davis,Georgia,13161,8052
Jeff Davis,Texas,48243,48875
Jefferson,Arkansas,5069,681664
Jefferson,Colorado,8059,1528340
Jefferson,Florida,12065,330237
Jefferson,Georgia,13163,95902
Jefferson,Illinois,17081,230806
Jefferson,Indiana,18077,546771
Jefferson,Iowa,19101,85815
Jefferson,Kansas,20087,75799
Jefferson,Kentucky,21111,2877199
Jefferson,Louisiana,22051,4949395
Jefferson,Mississippi,28063,227480
Jefferson,Missouri,29099,736809
Jefferson,New York,36045,458145
Jefferson,Ohio,39081,1155169
Jefferson,Oklahoma,40067,125648
Jefferson,Pennsylvania,42065,341118
Jefferson,Tennessee,47089,15714
Jefferson,Texas,48245,1633550
Jefferson,Washington,53031,3
Jefferson,West Virginia,54037,673908
Jefferson,Wisconsin,55055,277164
Jefferson Davis,Louisiana,22053,292331
Jefferson Davis,Mississippi,28065,57198
Jenkins,Georgia,13165,3045
Jennings,Indiana,18079,138164
Jerome,Idaho,16053,13158
Jersey,Illinois,17083,57103
Jessamine,Kentucky,21113,66764
Jim Hogg,Texas,48247,77617
Jim Wells,Texas,48249,216357
Jo Daviess,Illinois,17085,26490
Johnson,Arkansas,5071,1265
Johnson,Georgia,13167,10404
Johnson,Illinois,17087,23945
Johnson,Indiana,18081,208841
Johnson,Iowa,19103,215684
Johnson,Kansas,20091,2231578
Johnson,Kentucky,21115,298426
Johnson,Missouri,29101,110446
Johnson,Nebraska,31097,19057
Johnson,Texas,48251,432996
Johnston,North Carolina,37101,705754
Johnston,Oklahoma,40069,190072
Jones,Georgia,13169,130312
Jones,Iowa,19105,24162
Jones,Mississippi,28067,90979
Jones,North Carolina,37103,77315
Jones,Texas,48253,37533
Juneau,Wisconsin,55057,45158
Juniata,Pennsylvania,42067,136831
Kalamazoo,Michigan,26077,994800
Kalkaska,Michigan,26079,1974988
Kanawha,West Virginia,54039,4264717
Kandiyohi,Minnesota,27067,39056
Kane,Illinois,17089,1097501
Kankakee,Illinois,17091,855160
Karnes,Texas,48255,51162
Kaufman,Texas,48257,267773
Kay,Oklahoma,40071,18907
Keith,Nebraska,31101,4428
Kenai Peninsula,Alaska,2122,475993
Kendall,Illinois,17093,187988
Kenedy,Texas,48261,3368
Kennebec,Maine,23011,553666
Kenosha,Wisconsin,55059,577379
Kent,Delaware,10001,485417
Kent,Maryland,24029,9864
Kent,Michigan,26081,5979830
Kent,Rhode Island,44003,5943106
Kent,Texas,48263,312
Kenton,Kentucky,21117,613960
Keokuk,Iowa,19107,115489
Kern,California,6029,1332237
Kershaw,South Carolina,45055,125143
Kewaunee,Wisconsin,55061,60886
Keweenaw,Michigan,26083,96906
Kimble,Texas,48267,9909
King,Washington,53033,22981493
King George,Virginia,51099,253166
King William,Virginia,51101,63484
King and Queen,Virginia,51097,63285
Kingfisher,Oklahoma,40073,194704
Kingman,Kansas,20095,21049
Kings,California,6031,390920
Kings,New York,36047,2658059
Kinney,Texas,48271,33506
Kiowa,Oklahoma,40075,1319764
Kitsap,Washington,53035,10846092
Kittitas,Washington,53037,749074
Kleberg,Texas,48273,334879
Knott,Kentucky,21119,483699
Knox,Illinois,17095,799474
Knox,Indiana,18083,77501
Knox,Kentucky,21121,28646
Knox,Maine,23013,160088
Knox,Missouri,29103,12154
Knox,Nebraska,31107,50
Knox,Ohio,39083,423194
Knox,Tennessee,47093,923110
Knox,Texas,48275,4009
Koochiching,Minnesota,27071,673936
Kootenai,Idaho,16055,4076244
Kosciusko,Indiana,18085,414412
Kossuth,Iowa,19109,23637
La Crosse,Wisconsin,55063,117408
La Salle,Texas,48283,86504
LaGrange,Indiana,18087,295457
LaMoure,North Dakota,38045,29
LaPorte,Indiana,18091,1724398
LaSalle,Illinois,17099,575738
LaSalle,Louisiana,22059,72960
Labette,Kansas,20099,37799
Lackawanna,Pennsylvania,42069,628121
Lafayette,Arkansas,5073,133866
Lafayette,Florida,12067,131067
Lafayette,Louisiana,22055,218011
Lafayette,Missouri,29107,87253
Lafayette,Wisconsin,55065,49476
Lafourche,Louisiana,22057,1988364
Lake,Florida,12069,598252
Lake,Illinois,17097,2408375
Lake,Indiana,18089,1514458
Lake,Michigan,26085,613026
Lake,Minnesota,27075,14269
Lake,Montana,30047,47836
Lake,Ohio,39085,1420660
Lake,South Dakota,46079,2259
Lamar,Georgia,13171,71114
Lamar,Mississippi,28073,28945
Lamar,Texas,48277,160071
Lamb,Texas,48279,141766
Lamoille,Vermont,50015,190550
Lampasas,Texas,48281,2347
Lancaster,Pennsylvania,42071,1331781
Lancaster,South Carolina,45057,303707
Lancaster,Virginia,51103,116768
Lander,Nevada,32015,63945
Langlade,Wisconsin,55067,325686
Lanier,Georgia,13173,25415
Lapeer,Michigan,26087,1138755
Larimer,Colorado,8069,702556
Larue,Kentucky,21123,12354
Latah,Idaho,16057,260252
Latimer,Oklahoma,40077,24715
Lauderdale,Mississippi,28075,100407
Laurel,Kentucky,21125,159636
Laurens,Georgia,13175,136411
Laurens,South Carolina,45059,383729
Lavaca,Texas,48285,177922
Lawrence,Arkansas,5075,174134
Lawrence,Illinois,17101,54323
Lawrence,Indiana,18093,231899
Lawrence,Kentucky,21127,712281
Lawrence,Mississippi,28077,41116
Lawrence,Missouri,29109,19339
Lawrence,Ohio,39087,444388
Lawrence,Pennsylvania,42073,293576
Lawrence,Tennessee,47099,2
Le Flore,Oklahoma,40079,220098
Le Sueur,Minnesota,27079,100595
Lea,New Mexico,35025,332428
Leake,Mississippi,28079,32226
Leavenworth,Kansas,20103,259306
Lebanon,Pennsylvania,42075,647816
Lee,Arkansas,5077,49901
Lee,Florida,12071,1749991
Lee,Georgia,13177,18131
Lee,Illinois,17103,969842
Lee,Iowa,19111,209144
Lee,Kentucky,21129,88955
Lee,North Carolina,37105,308084
Lee,South Carolina,45061,203359
Lee,Texas,48287,148113
Leelanau,Michigan,26089,2563978
Leflore,Mississippi,28083,68236
Lehigh,Pennsylvania,42077,1098551
Lemhi,Idaho,16059,72404
Lenawee,Michigan,26091,517664
Lenoir,North Carolina,37107,164462
Leon,Florida,12073,160659
Leon,Texas,48289,157853
Leslie,Kentucky,21131,704702
Letcher,Kentucky,21133,531253
Levy,Florida,12075,271462
Lewis,Idaho,16061,433359
Lewis,Kentucky,21135,32476
Lewis,Missouri,29111,39133
Lewis,New York,36049,248817
Lewis,Tennessee,47101,10
Lewis,Washington,53041,44
Lewis,West Virginia,54041,1836388
Lexington,South Carolina,45063,901651
Lexington,Virginia,51678,3816
Liberty,Florida,12077,17220
Liberty,Georgia,13179,69827
Liberty,Texas,48291,738543
Licking,Ohio,39089,565097
Limestone,Texas,48293,114107
Lincoln,Arkansas,5079,45481
Lincoln,Georgia,13181,71380
Lincoln,Idaho,16063,957
Lincoln,Kansas,20105,817
Lincoln,Kentucky,21137,71413
Lincoln,Louisiana,22061,82604
Lincoln,Maine,23015,365348
Lincoln,Mississippi,28085,247651
Lincoln,Missouri,29113,347054
Lincoln,Montana,30053,114049
Lincoln,Nebraska,31111,566
Lincoln,New Mexico,35027,86673
Lincoln,North Carolina,37109,451142
Lincoln,Oklahoma,40081,127859
Lincoln,South Dakota,46083,42401
Lincoln,Tennessee,47103,20893
Lincoln,Washington,53043,370936
Lincoln,West Virginia,54043,1408801
Lincoln,Wisconsin,55069,384720
Linn,Iowa,19113,609938
Linn,Kansas,20107,141399
Linn,Missouri,29115,63891
Lipscomb,Texas,48295,48242
Litchfield,Connecticut,9005,516589
Little River,Arkansas,5081,110176
Live Oak,Texas,48297,96020
Livingston,Illinois,17105,758009
Livingston,Kentucky,21139,4810
Livingston,Louisiana,22063,1310153
Livingston,Michigan,26093,1376720
Livingston,Missouri,29117,3467
Livingston,New York,36051,272410
Logan,Arkansas,5083,34565
Logan,Colorado,8075,36694
Logan,Illinois,17107,189896
Logan,Kansas,20109,10039
Logan,Kentucky,21141,45
Logan,Ohio,39091,183983
Logan,Oklahoma,40083,60141
Logan,West Virginia,54045,1462032
Long,Georgia,13183,16440
Lonoke,Arkansas,5085,273629
Lorain,Ohio,39093,963813
Los Angeles,California,6037,81526245
Loudon,Tennessee,47105,301199
Loudoun,Virginia,51107,688732
Louisa,Iowa,19115,36164
Louisa,Virginia,51109,249543
Love,Oklahoma,40085,1259
Loving,Texas,48301,15405
Lowndes,Alabama,1085,87580
Lowndes,Georgia,13185,177280
Lowndes,Mississippi,28087,81349
Lubbock,Texas,48303,38770
Lucas,Iowa,19117,56559
Lucas,Ohio,39095,1355402
Lumpkin,Georgia,13187,2191382
Luna,New Mexico,35029,94825
Lunenburg,Virginia,51111,64208
Luzerne,Pennsylvania,42079,579007
Lycoming,Pennsylvania,42081,393640
Lynchburg,Virginia,51680,193685
Lynn,Texas,48305,28143
Lyon,Iowa,19119,832
Lyon,Kansas,20111,76833
Lyon,Kentucky,21143,33099
Lyon,Minnesota,27083,26788
Lyon,Nevada,32019,274193
Macomb,Michigan,26099,4874606
Macon,Georgia,13193,94511
Macon,Illinois,17115,403651
Macon,Missouri,29121,96
Macon,North Carolina,37113,532017
Macon,Tennessee,47111,160450
Macoupin,Illinois,17117,243786
Madison,Alabama,1089,531786
Madison,Florida,12079,165504
Madison,Georgia,13195,197032
Madison,Illinois,17119,693979
Madison,Indiana,18095,348415
Madison,Iowa,19121,16103
Madison,Kentucky,21151,135734
Madison,Louisiana,22065,97765
Madison,Mississippi,28089,952655
Madison,Missouri,29123,606
Madison,Nebraska,31119,13198
Madison,New York,36053,402475
Madison,North Carolina,37115,46544
Madison,Ohio,39097,105927
Madison,Texas,48313,237787
Madison,Virginia,51113,53340
Magoffin,Kentucky,21153,199979
Mahaska,Iowa,19123,22966
Mahoning,Ohio,39099,1318412
Major,Oklahoma,40093,29815
Manassas,Virginia,51683,109
Manassas Park,Virginia,51685,6453
Manatee,Florida,12081,1505535
Manistee,Michigan,26101,568901
Manitowoc,Wisconsin,55071,146610
Marathon,Wisconsin,55073,327812
Maricopa,Arizona,4013,3173390
Maries,Missouri,29125,16396
Marinette,Wisconsin,55075,733541
Marion,Arkansas,5089,173553
Marion,Florida,12083,1684947
Marion,Georgia,13197,34529
Marion,Illinois,17121,69565
Marion,Indiana,18097,7755369
Marion,Iowa,19125,37002
Marion,Kansas,20115,110236
Marion,Kentucky,21155,15225
Marion,Mississippi,28091,34765
Marion,Missouri,29127,662
Marion,Ohio,39101,202850
Marion,Oregon,41047,1417699
Marion,South Carolina,45067,149177
Marion,Tennessee,47115,2405
Marion,Texas,48315,55939
Marion,West Virginia,54049,2167962
Marlboro,South Carolina,45069,224873
Marquette,Michigan,26103,334903
Marquette,Wisconsin,55077,32153
Marshall,Illinois,17123,543531
Marshall,Indiana,18099,191642
Marshall,Iowa,19127,131975
Marshall,Kansas,20117,17786
Marshall,Mississippi,28093,942
Marshall,Oklahoma,40095,34880
Marshall,Tennessee,47117,382663
Marshall,West Virginia,54051,659956
Martin,Florida,12085,590341
Martin,Indiana,18101,60597
Martin,Kentucky,21159,530340
Martin,Minnesota,27091,49247
Martin,North Carolina,37117,40413
Martin,Texas,48317,82343
Mason,Illinois,17125,115726
Mason,Kentucky,21161,69774
Mason,Michigan,26105,206050
Mason,Washington,53045,48
Mason,West Virginia,54053,825947
Massac,Illinois,17127,7356
Matagorda,Texas,48321,351283
Mathews,Virginia,51115,104505
Maury,Tennessee,47119,19995
Maverick,Texas,48323,225837
Mayes,Oklahoma,40097,330934
McClain,Oklahoma,40087,294437
McCook,South Dakota,46087,8206
McCormick,South Carolina,45065,78849
McCracken,Kentucky,21145,691
McCreary,Kentucky,21147,31320
McCulloch,Texas,48307,2672
McCurtain,Oklahoma,40089,59694
McDonald,Missouri,29119,6983
McDonough,Illinois,17109,107951
McDowell,North Carolina,37111,194130
McDowell,West Virginia,54047,734480
McDuffie,Georgia,13189,105673
McHenry,Illinois,17111,986759
McIntosh,Georgia,13191,50219
McIntosh,Oklahoma,40091,70170
McKean,Pennsylvania,42083,535071
McLean,Illinois,17113,1246439
McLean,Kentucky,21149,38515
McLennan,Texas,48309,1020243
McLeod,Minnesota,27085,111521
McMinn,Tennessee,47107,20
McMullen,Texas,48311,10726
McPherson,Kansas,20113,56021
Meade,Kentucky,21163,13707
Mecklenburg,North Carolina,37119,4560222
Mecklenburg,Virginia,51117,287266
Mecosta,Michigan,26107,834311
Medina,Ohio,39103,293837
Medina,Texas,48325,1717834
Meeker,Minnesota,27093,1531
Meigs,Ohio,39105,219760
Menard,Illinois,17129,41661
Menard,Texas,48327,865
Menifee,Kentucky,21165,10142
Menominee,Michigan,26109,110397
Menominee,Wisconsin,55078,77832
Mercer,Illinois,17131,489857
Mercer,Kentucky,21167,72022
Mercer,Missouri,29129,1568
Mercer,New Jersey,34021,654417
Mercer,Ohio,39107,77465
Mercer,Pennsylvania,42085,668515
Mercer,West Virginia,54055,1132285
Meriwether,Georgia,13199,145454
Merrimack,New Hampshire,33013,1084999
Mesa,Colorado,8077,133050
Metcalfe,Kentucky,21169,62269
Miami,Indiana,18103,78577
Miami,Kansas,20121,116196
Miami,Ohio,39109,252279
Miami-Dade,Florida,12086,11032023
Middlesex,Connecticut,9007,2610115
Middlesex,Massachusetts,25017,4684702
Middlesex,New Jersey,34023,1587346
Middlesex,Virginia,51119,110896
Midland,Michigan,26111,869823
Midland,Texas,48329,1332720
Mifflin,Pennsylvania,42087,163987
Milam,Texas,48331,174713
Miller,Arkansas,5091,212958
Miller,Georgia,13201,18622
Miller,Missouri,29131,24871
Mills,Iowa,19129,19358
Milwaukee,Wisconsin,55079,2129772
Miner,South Dakota,46097,2693
Mineral,Nevada,32021,43156
Mineral,West Virginia,54057,354544
Mingo,West Virginia,54059,1661995
Minidoka,Idaho,16067,11895
Minnehaha,South Dakota,46099,471325
Missaukee,Michigan,26113,1239856
Mississippi,Arkansas,5093,553318
Mississippi,Missouri,29133,53674
Mitchell,Georgia,13205,21528
Mitchell,Iowa,19131,9693
Mitchell,North Carolina,37121,381908
Mitchell,Texas,48335,130402
Moniteau,Missouri,29135,50910
Monmouth,New Jersey,34025,1528718
Mono,California,6051,341828
Monona,Iowa,19133,1717
Monongalia,West Virginia,54061,3106030
Monroe,Alabama,1099,8193
Monroe,Arkansas,5095,63225
Monroe,Florida,12087,207002
Monroe,Georgia,13207,83317
Monroe,Illinois,17133,56029
Monroe,Indiana,18105,397344
Monroe,Iowa,19135,16034
Monroe,Kentucky,21171,139717
Monroe,Michigan,26115,1520535
Monroe,Mississippi,28095,3968
Monroe,Missouri,29137,2883
Monroe,New York,36055,3564936
Monroe,Ohio,39111,29045
Monroe,Pennsylvania,42089,940040
Monroe,Tennessee,47123,2023388
Monroe,West Virginia,54063,254791
Monroe,Wisconsin,55081,252218
Montague,Texas,48337,411
Montcalm,Michigan,26117,1248656
Montgomery,Alabama,1101,772
Montgomery,Arkansas,5097,1035009
Montgomery,Georgia,13209,4762
Montgomery,Illinois,17135,37949
Montgomery,Indiana,18107,52019
Montgomery,Iowa,19137,17469
Montgomery,Kansas,20125,70702
Montgomery,Kentucky,21173,77730
Montgomery,Maryland,24031,2910715
Montgomery,Mississippi,28097,163188
Montgomery,Missouri,29139,43729
Montgomery,New York,36057,354511
Montgomery,North Carolina,37123,296334
Montgomery,Ohio,39113,1649784
Montgomery,Pennsylvania,42091,3884844
Montgomery,Tennessee,47125,41606
Montgomery,Texas,48339,3391657
Montgomery,Virginia,51121,853413
Montmorency,Michigan,26119,98113
Montour,Pennsylvania,42093,74249
Moore,North Carolina,37125,432675
Moore,Tennessee,47127,91765
Moore,Texas,48341,161756
Morehouse,Louisiana,22067,310010
Morgan,Colorado,8087,47571
Morgan,Georgia,13211,94860
Morgan,Illinois,17137,190912
Morgan,Indiana,18109,144228
Morgan,Kentucky,21175,77825
Morgan,Missouri,29141,161353
Morgan,Ohio,39115,137693
Morgan,Tennessee,47129,3560
Morgan,West Virginia,54065,223738
Morrill,Nebraska,31123,3001
Morris,Kansas,20127,61281
Morris,New Jersey,34027,1781574
Morris,Texas,48343,307187
Morrison,Minnesota,27097,438580
Morrow,Ohio,39117,74402
Motley,Texas,48345,1735
Moultrie,Illinois,17139,5883
Mower,Minnesota,27099,11676
Muhlenberg,Kentucky,21177,202999
Multnomah,Oregon,41051,4551828
Murray,Georgia,13213,88485
Murray,Minnesota,27101,19834
Murray,Oklahoma,40099,76653
Muscatine,Iowa,19139,21567
Muscogee,Georgia,13215,665495
Muskegon,Michigan,26121,1380980
Muskingum,Ohio,39119,543497
Muskogee,Oklahoma,40101,499739
Nacogdoches,Texas,48347,498811
Nantucket,Massachusetts,25019,1148274
Nash,North Carolina,37127,989131
Nassau,Florida,12089,133328
Nassau,New York,36059,1681192
Natchitoches,Louisiana,22069,890782
Navajo,Arizona,4017,233847
Navarro,Texas,48349,161656
Nelson,Kentucky,21179,27363
Nelson,Virginia,51125,86750
Nemaha,Kansas,20131,10957
Nemaha,Nebraska,31127,20646
Neosho,Kansas,20133,4321
Neshoba,Mississippi,28099,1502
Ness,Kansas,20135,1823
Nevada,Arkansas,5099,342028
Nevada,California,6057,9
New Castle,Delaware,10003,4363676
New Hanover,North Carolina,37129,749821
New Haven,Connecticut,9009,2251067
New Kent,Virginia,51127,169516
New London,Connecticut,9011,1801215
New Madrid,Missouri,29143,51459
New York,New York,36061,779097
Newaygo,Michigan,26123,1047182
Newberry,South Carolina,45071,137421
Newport,Rhode Island,44005,292575
Newport News,Virginia,51700,699878
Newton,Arkansas,5101,10616
Newton,Georgia,13217,81669
Newton,Indiana,18111,102680
Newton,Mississippi,28101,24854
Newton,Missouri,29145,49724
Newton,Texas,48351,449
Nez Perce,Idaho,16069,92157
Niagara,New York,36063,578570
Nicholas,Kentucky,21181,34080
Nicholas,West Virginia,54067,1036643
Nicollet,Minnesota,27103,35301
Noble,Indiana,18113,306365
Noble,Ohio,39121,45447
Noble,Oklahoma,40103,44709
Nobles,Minnesota,27105,15539
Nodaway,Missouri,29147,52085
Nolan,Texas,48353,173870
Norfolk,Massachusetts,25021,1510482
Norfolk,Virginia,51710,967876
Norman,Minnesota,27107,711
Northampton,North Carolina,37131,147827
Northampton,Pennsylvania,42095,1223990
Northampton,Virginia,51131,237527
Northumberland,Pennsylvania,42097,244848
Northumberland,Virginia,51133,108937
Norton,Kansas,20137,12
Nottoway,Virginia,51135,38731
Nowata,Oklahoma,40105,55797
Noxubee,Mississippi,28103,21506
Nueces,Texas,48355,2687693
Nye,Nevada,32023,1879
O'Brien,Iowa,19141,4518
Oakland,Michigan,26125,13673050
Ocean,New Jersey,34029,1624012
Oceana,Michigan,26127,341387
Ochiltree,Texas,48357,102249
Oconee,Georgia,13219,52592
Oconee,South Carolina,45073,722778
Oconto,Wisconsin,55083,294814
Ogemaw,Michigan,26129,3769683
Ogle,Illinois,17141,291203
Oglethorpe,Georgia,13221,75451
Ohio,Kentucky,21183,36202
Ohio,West Virginia,54069,494080
Okaloosa,Florida,12091,516797
Okeechobee,Florida,12093,306903
Okfuskee,Oklahoma,40107,106017
Oklahoma,Oklahoma,40109,1780836
Okmulgee,Oklahoma,40111,82696
Oktibbeha,Mississippi,28105,37012
Oldham,Kentucky,21185,297539
Oldham,Texas,48359,13785
Olmsted,Minnesota,27109,10140
Oneida,New York,36065,746236
Oneida,Wisconsin,55085,927876
Onondaga,New York,36067,1650478
Onslow,North Carolina,37133,437772
Ontario,New York,36069,615817
Ontonagon,Michigan,26131,28758
Orange,California,6059,17827124
Orange,Florida,12095,2951766
Orange,Indiana,18117,47966
Orange,New York,36071,1949992
Orange,North Carolina,37135,1487305
Orange,Texas,48361,709729
Orange,Vermont,50017,290871
Orange,Virginia,51137,197963
Orangeburg,South Carolina,45075,106860
Orleans,Louisiana,22071,4557915
Orleans,New York,36073,90455
Orleans,Vermont,50019,134385
Osage,Kansas,20139,77761
Osage,Missouri,29151,9810
Osage,Oklahoma,40113,408708
Osceola,Florida,12097,482038
Osceola,Iowa,19143,7918
Osceola,Michigan,26133,1042574
Oscoda,Michigan,26135,1354700
Oswego,New York,36075,897231
Otero,Colorado,8089,44883
Otero,New Mexico,35035,116933
Otoe,Nebraska,31131,30779
Otsego,Michigan,26137,679179
Otsego,New York,36077,661229
Ottawa,Kansas,20143,4298
Ottawa,Michigan,26139,1471257
Ottawa,Ohio,39123,586742
Ottawa,Oklahoma,40115,174803
Otter Tail,Minnesota,27111,368269
Ouachita,Arkansas,5103,380027
Ouachita,Louisiana,22073,857110
Outagamie,Wisconsin,55087,298833
Overton,Tennessee,47133,25092
Owen,Indiana,18119,61680
Owen,Kentucky,21187,69928
Owsley,Kentucky,21189,1931
Owyhee,Idaho,16073,15367
Oxford,Maine,23017,484113
Ozaukee,Wisconsin,55089,225696
Page,Iowa,19145,12017
Page,Virginia,51139,79660
Palm Beach,Florida,12099,5365677
Palo Alto,Iowa,19147,24155
Palo Pinto,Texas,48363,225084
Pamlico,North Carolina,37137,61548
Panola,Mississippi,28107,163747
Panola,Texas,48365,492194
Park,Colorado,8093,200191
Park,Montana,30067,6041
Park,Wyoming,56029,21149
Parke,Indiana,18121,28192
Parker,Texas,48367,402187
Parmer,Texas,48369,67894
Pasco,Florida,12101,1766068
Pasquotank,North Carolina,37139,43072
Passaic,New Jersey,34031,1186854
Patrick,Virginia,51141,480529
Paulding,Georgia,13223,99407
Paulding,Ohio,39125,114748
Pawnee,Kansas,20145,36545
Pawnee,Nebraska,31133,31120
Pawnee,Oklahoma,40117,233024
Payette,Idaho,16075,8627
Payne,Oklahoma,40119,54170
Peach,Georgia,13225,103782
Pearl River,Mississippi,28109,78211
Pecos,Texas,48371,111468
Pemiscot,Missouri,29155,62934
Pend Oreille,Washington,53051,224
Pender,North Carolina,37141,177578
Pendleton,Kentucky,21191,76211
Pendleton,West Virginia,54071,355776
Pennington,South Dakota,46103,8280
Penobscot,Maine,23019,1316884
Peoria,Illinois,17143,4533807
Pepin,Wisconsin,55091,24355
Perkins,Nebraska,31135,2406
Perquimans,North Carolina,37143,40425
Perry,Alabama,1105,852
Perry,Arkansas,5105,36182
Perry,Illinois,17145,129162
Perry,Kentucky,21193,1252169
Perry,Mississippi,28111,21708
Perry,Ohio,39127,106625
Perry,Pennsylvania,42099,304713
Pershing,Nevada,32027,18116
Person,North Carolina,37145,360358
Petersburg,Virginia,51730,197271
Pettis,Missouri,29159,3795
Philadelphia,Pennsylvania,42101,6723884
Phillips,Arkansas,5107,212287
Piatt,Illinois,17147,48761
Pickaway,Ohio,39129,48736
Pickens,Georgia,13227,356694
Pickens,South Carolina,45077,787142
Pierce,Georgia,13229,10631
Pierce,Washington,53053,4758804
Pierce,Wisconsin,55093,116778
Pike,Alabama,1109,67084
Pike,Arkansas,5109,456709
Pike,Georgia,13231,60050
Pike,Illinois,17149,209177
Pike,Indiana,18125,31708
Pike,Kentucky,21195,2763243
Pike,Mississippi,28113,489285
Pike,Missouri,29163,94393
Pike,Ohio,39131,610696
Pike,Pennsylvania,42103,563680
Pima,Arizona,4019,538699
Pinal,Arizona,4021,274946
Pine,Minnesota,27115,199033
Pinellas,Florida,12103,3748893
Pipestone,Minnesota,27117,35355
Piscataquis,Maine,23021,851732
Pitkin,Colorado,8097,590360
Pitt,North Carolina,37147,11026
Pittsburg,Oklahoma,40121,125270
Pittsylvania,Virginia,51143,300237
Placer,California,6061,1800
Plaquemines,Louisiana,22075,214653
Platte,Missouri,29165,597117
Pleasants,West Virginia,54073,736654
Plumas,California,6063,15
Plymouth,Iowa,19149,7578
Plymouth,Massachusetts,25023,1081316
Pocahontas,Iowa,19151,22710
Pocahontas,West Virginia,54075,1140626
Poinsett,Arkansas,5111,173420
Pointe Coupee,Louisiana,22077,383371
Polk,Arkansas,5113,22402
Polk,Florida,12105,1272532
Polk,Georgia,13233,165020
Polk,Iowa,19153,611299
Polk,Missouri,29167,11850
Polk,North Carolina,37149,170262
Polk,Oregon,41053,154110
Polk,Tennessee,47139,4
Polk,Texas,48373,40809
Polk,Wisconsin,55095,56553
Pontotoc,Oklahoma,40123,190333
Pope,Arkansas,5115,720991
Pope,Minnesota,27121,12015
Poquoson,Virginia,51735,28381
Portage,Ohio,39133,608278
Portage,Wisconsin,55097,211576
Porter,Indiana,18127,652747
Portsmouth,Virginia,51740,375613
Posey,Indiana,18129,3817
Pottawatomie,Kansas,20149,80506
Pottawatomie,Oklahoma,40125,251786
Pottawattamie,Iowa,19155,168756
Potter,Pennsylvania,42105,132322
Potter,Texas,48375,559386
Powell,Kentucky,21197,14298
Power,Idaho,16077,2732
Poweshiek,Iowa,19157,47654
Powhatan,Virginia,51145,236823
Prairie,Arkansas,5117,121150
Pratt,Kansas,20151,4574
Preble,Ohio,39135,206752
Presidio,Texas,48377,35857
Presque Isle,Michigan,26141,103838
Preston,West Virginia,54077,631594
Price,Wisconsin,55099,9593
Prince Edward,Virginia,51147,150591
Prince George,Virginia,51149,42259
Prince George's,Maryland,24033,2197072
Prince William,Virginia,51153,648754
Providence,Rhode Island,44007,3567293
Pueblo,Colorado,8101,213470
Pulaski,Arkansas,5119,3057957
Pulaski,Georgia,13235,10290
Pulaski,Illinois,17153,18142
Pulaski,Indiana,18131,173291
Pulaski,Kentucky,21199,136308
Pulaski,Virginia,51155,712895
Pushmataha,Oklahoma,40127,59712
Putnam,Florida,12107,329206
Putnam,Georgia,13237,66980
Putnam,Illinois,17155,34976
Putnam,Indiana,18133,66134
Putnam,New York,36079,834649
Putnam,Ohio,39137,54226
Putnam,West Virginia,54079,958705
Quay,New Mexico,35037,4635
Queen Anne's,Maryland,24035,198881
Queens,New York,36081,1574198
Quitman,Georgia,13239,28974
Quitman,Mississippi,28119,99696
Rabun,Georgia,13241,510758
Racine,Wisconsin,55101,380933
Radford,Virginia,51750,967
Rains,Texas,48379,2247
Raleigh,West Virginia,54081,1690482
Ralls,Missouri,29173,2219
Ramsey,Minnesota,27123,3047184
Randall,Texas,48381,600825
Randolph,Arkansas,5121,53430
Randolph,Georgia,13243,20567
Randolph,Illinois,17157,115888
Randolph,Indiana,18135,113995
Randolph,Missouri,29175,108026
Randolph,North Carolina,37151,834291
Randolph,West Virginia,54083,609542
Rankin,Mississippi,28121,600813
Ransom,North Dakota,38073,8252
Rapides,Louisiana,22079,1204813
Rappahannock,Virginia,51157,88743
Rawlins,Kansas,20153,8262
Ray,Missouri,29177,102409
Reagan,Texas,48383,20656
Real,Texas,48385,18892
Red River,Louisiana,22081,459164
Red River,Texas,48387,65962
Red Willow,Nebraska,31145,9997
Redwood,Minnesota,27127,12218
Reeves,Texas,48389,2314
Refugio,Texas,48391,123332
Reno,Kansas,20155,836068
Rensselaer,New York,36083,886357
Renville,Minnesota,27129,3060
Reynolds,Missouri,29179,2518
Rice,Kansas,20159,127317
Rice,Minnesota,27131,107034
Richardson,Nebraska,31147,32696
Richland,Illinois,17159,14260
Richland,Louisiana,22083,170192
Richland,North Dakota,38077,16132
Richland,Ohio,39139,497025
Richland,South Carolina,45079,2432779
Richland,Wisconsin,55103,37159
Richmond,Georgia,13245,446339
Richmond,New York,36085,1079346
Richmond,North Carolina,37153,151881
Richmond,Virginia,51159,50317
Richmond,Virginia,51760,1774525
Riley,Kansas,20161,296334
Ringgold,Iowa,19159,23148
Rio Grande,Colorado,8105,7703
Ripley,Indiana,18137,196559
Ritchie,West Virginia,54085,1864886
Riverside,California,6065,11038469
Roane,Tennessee,47145,131
Roane,West Virginia,54087,1773094
Roanoke,Virginia,51161,722457
Roanoke,Virginia,51770,969108
Roberts,Texas,48393,51246
Robertson,Kentucky,21201,6271
Robertson,Tennessee,47147,304136
Robertson,Texas,48395,29381
Robeson,North Carolina,37155,1506745
Rock,Minnesota,27133,8945
Rock,Nebraska,31149,36
Rock,Wisconsin,55105,401821
Rock Island,Illinois,17161,400763
Rockbridge,Virginia,51163,31842
Rockcastle,Kentucky,21203,24579
Rockdale,Georgia,13247,36828
Rockingham,New Hampshire,33015,1109316
Rockingham,North Carolina,37157,779038
Rockingham,Virginia,51165,253390
Rockland,New York,36087,664537
Rockwall,Texas,48397,421249
Roger Mills,Oklahoma,40129,153628
Rogers,Oklahoma,40131,550044
Rooks,Kansas,20163,399
Roosevelt,New Mexico,35041,31738
Roscommon,Michigan,26143,2901817
Ross,Ohio,39141,534128
Rowan,Kentucky,21205,306197
Rowan,North Carolina,37159,901922
Runnels,Texas,48399,6973
Rush,Indiana,18139,81826
Rush,Kansas,20165,5523
Rusk,Texas,48401,2117298
Rusk,Wisconsin,55107,14678
Russell,Alabama,1113,2
Russell,Kansas,20167,10324
Russell,Kentucky,21207,35289
Russell,Virginia,51167,615002
Rutherford,North Carolina,37161,345876
Rutherford,Tennessee,47149,314236
Rutland,Vermont,50021,481178
Sabine,Louisiana,22085,1512755
Sac,Iowa,19161,18352
Sacramento,California,6067,2373426
Sagadahoc,Maine,23023,180282
Saginaw,Michigan,26145,863908
Saguache,Colorado,8109,5166
Salem,New Jersey,34033,2965734
Salem,Virginia,51775,6
Saline,Arkansas,5125,621813
Saline,Illinois,17165,36986
Saline,Kansas,20169,65633
Saline,Missouri,29195,45995
Saluda,South Carolina,45081,59676
Sampson,North Carolina,37163,802059
San Bernardino,California,6071,14021084
San Diego,California,6073,10000970
San Jacinto,Texas,48407,395584
San Joaquin,California,6077,189
San Miguel,New Mexico,35047,37141
San Patricio,Texas,48409,464893
Sanborn,South Dakota,46111,1074
Sanders,Montana,30089,1288
Sandoval,New Mexico,35043,221191
Sandusky,Ohio,39143,168413
Sangamon,Illinois,17167,260294
Sanilac,Michigan,26151,1572883
Santa Barbara,California,6083,1728965
Santa Clara,California,6085,34494
Santa Fe,New Mexico,35049,549928
Santa Rosa,Florida,12113,464470
Sarasota,Florida,12115,1726318
Saratoga,New York,36091,2241354
Sargent,North Dakota,38081,526
Sarpy,Nebraska,31153,231072
Sauk,Wisconsin,55111,158960
Saunders,Nebraska,31155,56466
Sawyer,Wisconsin,55113,110075
Schenectady,New York,36093,904444
Schleicher,Texas,48413,35202
Schley,Georgia,13249,12191
Schoharie,New York,36095,169930
Schoolcraft,Michigan,26153,24868
Schuyler,Illinois,17169,3245
Schuyler,Missouri,29197,9323
Schuyler,New York,36097,293295
Schuylkill,Pennsylvania,42107,509430
Scioto,Ohio,39145,896683
Scotland,Missouri,29199,2210
Scotland,North Carolina,37165,263589
Scott,Arkansas,5127,198537
Scott,Illinois,17171,74459
Scott,Indiana,18143,47422
Scott,Iowa,19163,378824
Scott,Kentucky,21209,120287
Scott,Minnesota,27139,77872
Scott,Mississippi,28123,73162
Scott,Missouri,29201,100772
Scott,Virginia,51169,319189
Scotts Bluff,Nebraska,31157,78162
Screven,Georgia,13251,7594
Scurry,Texas,48415,64169
Searcy,Arkansas,5129,67898
Sebastian,Arkansas,5131,379894
Sedgwick,Kansas,20173,1280067
Seminole,Florida,12117,1130407
Seminole,Georgia,13253,15924
Seminole,Oklahoma,40133,148495
Seneca,New York,36099,194879
Seneca,Ohio,39147,243473
Sequoyah,Oklahoma,40135,31840
Sevier,Arkansas,5133,987338
Sevier,Tennessee,47155,120990
Seward,Nebraska,31159,2324
Shackelford,Texas,48417,14574
Sharkey,Mississippi,28125,29066
Sharp,Arkansas,5135,110837
Shawano,Wisconsin,55115,95859
Shawnee,Kansas,20177,895500
Sheboygan,Wisconsin,55117,263825
Shelby,Illinois,17173,45461
Shelby,Indiana,18145,54061
Shelby,Iowa,19165,37748
Shelby,Kentucky,21211,103700
Shelby,Ohio,39149,111836
Shelby,Tennessee,47157,10639478
Shelby,Texas,48419,114005
Shenandoah,Virginia,51171,156750
Sherburne,Minnesota,27141,20393
Sheridan,Kansas,20179,729
Sheridan,Nebraska,31161,17557
Sherman,Kansas,20181,8450
Sherman,Texas,48421,27838
Shiawassee,Michigan,26155,464285
Shoshone,Idaho,16079,1018903
Sibley,Minnesota,27143,768636
Sierra,New Mexico,35051,1625
Simpson,Kentucky,21213,643
Simpson,Mississippi,28127,208046
Sioux,Iowa,19167,12922
Skagit,Washington,53057,3871124
Smith,Mississippi,28129,60162
Smith,Tennessee,47159,34256
Smith,Texas,48423,1675099
Smyth,Virginia,51173,583909
Snohomish,Washington,53061,515
Snyder,Pennsylvania,42109,151128
Socorro,New Mexico,35053,23
Somerset,Maryland,24039,88115
Somerset,New Jersey,34035,1238165
Somerset,Pennsylvania,42111,384670
Southampton,Virginia,51175,44772
Spalding,Georgia,13255,42348
Spartanburg,South Carolina,45083,1345252
Spencer,Kentucky,21215,7332
Spokane,Washington,53063,44711849
Spotsylvania,Virginia,51177,368863
St. Bernard,Louisiana,22087,273195
St. Charles,Louisiana,22089,646348
St. Charles,Missouri,29183,682403
St. Clair,Illinois,17163,1168043
St. Clair,Michigan,26147,2703652
St. Clair,Missouri,29185,17361
St. Croix,Wisconsin,55109,6
St. Francis,Arkansas,5123,251865
St. Francois,Missouri,29187,168258
St. Helena,Louisiana,22091,119382
St. James,Louisiana,22093,253064
St. John the Baptist,Louisiana,22095,458336
St. Johns,Florida,12109,598989
St. Joseph,Indiana,18141,2469107
St. Joseph,Michigan,26149,386306
St. Landry,Louisiana,22097,379521
St. Lawrence,New York,36089,316538
St. Louis,Minnesota,27137,443416
St. Louis,Missouri,29189,4573547
St. Louis,Missouri,29510,650967
St. Lucie,Florida,12111,824885
St. Martin,Louisiana,22099,425315
St. Mary,Louisiana,22101,175039
St. Mary's,Maryland,24037,558561
St. Tammany,Louisiana,22103,1136677
Stafford,Kansas,20185,33925
Stafford,Virginia,51179,270635
Stanly,North Carolina,37167,298927
Stark,Illinois,17175,518748
Stark,Ohio,39151,1956071
Starke,Indiana,18149,96383
Starr,Texas,48427,373443
Staunton,Virginia,51790,53460
Ste. Genevieve,Missouri,29186,414
Stearns,Minnesota,27145,150916
Steele,Minnesota,27147,9422
Steele,North Dakota,38091,8
Stephens,Georgia,13257,269127
Stephens,Oklahoma,40137,109746
Stephens,Texas,48429,70726
Stephenson,Illinois,17177,254783
Sterling,Texas,48431,658
Steuben,Indiana,18151,417680
Steuben,New York,36101,918778
Stevens,Washington,53065,1809400
Stewart,Georgia,13259,8540
Stoddard,Missouri,29207,23452
Stokes,North Carolina,37169,336086
Stone,Arkansas,5137,157131
Stone,Mississippi,28131,17849
Stone,Missouri,29209,2186
Stonewall,Texas,48433,6762
Storey,Nevada,32029,32986
Story,Iowa,19169,88005
Strafford,New Hampshire,33017,482170
Suffolk,Massachusetts,25025,2606015
Suffolk,New York,36103,2003042
Suffolk,Virginia,51800,147107
Sullivan,Indiana,18153,83535
Sullivan,Missouri,29211,33179
Sullivan,New Hampshire,33019,1356526
Sullivan,New York,36105,2027815
Sullivan,Pennsylvania,42113,244832
Sullivan,Tennessee,47163,621970
Summers,West Virginia,54089,218411
Summit,Colorado,8117,264641
Summit,Ohio,39153,1875748
Sumner,Kansas,20191,13476
Sumner,Tennessee,47165,893595
Sumter,Florida,12119,343596
Sumter,Georgia,13261,87126
Sumter,South Carolina,45085,425197
Sunflower,Mississippi,28133,198474
Surry,North Carolina,37171,243262
Surry,Virginia,51181,21603
Susquehanna,Pennsylvania,42115,360096
Sussex,Delaware,10005,1466673
Sussex,New Jersey,34037,707108
Sussex,Virginia,51183,59018
Sutton,Texas,48435,8046
Suwannee,Florida,12121,570464
Swain,North Carolina,37173,356260
Swisher,Texas,48437,19459
Switzerland,Indiana,18155,102518
Talbot,Georgia,13263,36891
Talbot,Maryland,24041,411453
Taliaferro,Georgia,13265,484
Talladega,Alabama,1121,1076
Tallahatchie,Mississippi,28135,194466
Tallapoosa,Alabama,1123,4492
Tama,Iowa,19171,60767
Taney,Missouri,29213,7069
Tangipahoa,Louisiana,22105,2370412
Tarrant,Texas,48439,9671707
Tate,Mississippi,28137,265703
Tattnall,Georgia,13267,39124
Taylor,Florida,12123,203317
Taylor,Georgia,13269,52087
Taylor,Iowa,19173,8707
Taylor,Kentucky,21217,15716
Taylor,Texas,48441,127939
Taylor,West Virginia,54091,744052
Taylor,Wisconsin,55119,4292
Tazewell,Illinois,17179,2291399
Tazewell,Virginia,51185,696561
Telfair,Georgia,13271,14308
Teller,Colorado,8119,11289
Tensas,Louisiana,22107,115298
Terrebonne,Louisiana,22109,581823
Terrell,Georgia,13273,44490
Terry,Texas,48445,1261
Thomas,Georgia,13275,66900
Thomas,Kansas,20193,6724
Throckmorton,Texas,48447,21367
Thurston,Nebraska,31173,1561
Thurston,Washington,53067,2971568
Tift,Georgia,13277,68327
Tillman,Oklahoma,40141,655960
Tioga,New York,36107,595122
Tippecanoe,Indiana,18157,572399
Tipton,Indiana,18159,122997
Tipton,Tennessee,47167,24200
Titus,Texas,48449,155574
Todd,Minnesota,27153,747772
Tolland,Connecticut,9013,324442
Tom Green,Texas,48451,273940
Tompkins,New York,36109,396494
Toombs,Georgia,13279,27360
Traill,North Dakota,38097,7749
Transylvania,North Carolina,37175,541727
Travis,Texas,48453,4068174
Trego,Kansas,20195,1884
Trempealeau,Wisconsin,55121,39259
Treutlen,Georgia,13283,2622
Trimble,Kentucky,21223,10717
Trinity,Texas,48455,145153
Troup,Georgia,13285,5840
Trousdale,Tennessee,47169,68706
Trumbull,Ohio,39155,807883
Tucker,West Virginia,54093,205012
Tulare,California,6107,2087534
Tulsa,Oklahoma,40143,3841797
Tunica,Mississippi,28143,89029
Turner,Georgia,13287,24305
Turner,South Dakota,46125,31704
Tuscarawas,Ohio,39157,652159
Tuscola,Michigan,26157,1133248
Twiggs,Georgia,13289,20686
Twin Falls,Idaho,16083,133656
Tyler,Texas,48457,511364
Tyler,West Virginia,54095,1523298
Tyrrell,North Carolina,37177,18506
Ulster,New York,36111,2306180
Union,Arkansas,5139,845203
Union,Florida,12125,91671
Union,Illinois,17181,49737
Union,Indiana,18161,14897
Union,Iowa,19175,20489
Union,Kentucky,21225,28914
Union,Louisiana,22111,128003
Union,New Jersey,34039,847122
Union,New Mexico,35059,21815
Union,North Carolina,37179,701185
Union,Ohio,39159,57365
Union,Pennsylvania,42119,73768
Union,South Carolina,45087,36195
Union,South Dakota,46127,4572
Union,Tennessee,47173,88206
Upshur,Texas,48459,262216
Upshur,West Virginia,54097,1886268
Upson,Georgia,13293,30068
Upton,Texas,48461,63339
Uvalde,Texas,48463,260630
Val Verde,Texas,48465,611074
Valencia,New Mexico,35061,185316
Valley,Idaho,16085,33241
Van Buren,Arkansas,5141,96
Van Buren,Iowa,19177,61328
Van Buren,Michigan,26159,1127906
Van Wert,Ohio,39161,54333
Van Zandt,Texas,48467,496907
Vance,North Carolina,37181,341270
Venango,Pennsylvania,42121,353838
Ventura,California,6111,5712590
Vermilion,Illinois,17183,358256
Vermilion,Louisiana,22113,229978
Vermillion,Indiana,18165,64141
Vernon,Louisiana,22115,1646418
Vernon,Missouri,29217,210898
Vernon,Wisconsin,55123,36625
Victoria,Texas,48469,240149
Vigo,Indiana,18167,624467
Vilas,Wisconsin,55125,936266
Vinton,Ohio,39163,261011
Virginia Beach,Virginia,51810,1268826
Volusia,Florida,12127,1752549
Wabash,Illinois,17185,4353
Wabash,Indiana,18169,133958
Wabasha,Minnesota,27157,30993
Wabaunsee,Kansas,20197,90891
Wadena,Minnesota,27159,44865
Wagoner,Oklahoma,40145,464754
Wake,North Carolina,37183,7607383
Wakulla,Florida,12129,276519
Waldo,Maine,23027,282176
Walker,Georgia,13295,18545
Walker,Texas,48471,992688
Wallace,Kansas,20199,4476
Waller,Texas,48473,381907
Wallowa,Oregon,41063,12100
Walthall,Mississippi,28147,76315
Walton,Florida,12131,291313
Walton,Georgia,13297,67678
Walworth,Wisconsin,55127,462134
Wapello,Iowa,19179,152226
Ward,North Dakota,38101,113711
Ward,Texas,48475,224790
Ware,Georgia,13299,67470
Warren,Georgia,13301,24464
Warren,Illinois,17187,516284
Warren,Indiana,18171,53408
Warren,Iowa,19181,51184
Warren,Kentucky,21227,8
Warren,Mississippi,28149,1094605
Warren,Missouri,29219,149743
Warren,New Jersey,34041,391030
Warren,New York,36113,488899
Warren,North Carolina,37185,170027
Warren,Ohio,39165,920264
Warren,Pennsylvania,42123,486867
Warren,Tennessee,47177,15
Warren,Virginia,51187,282704
Warrick,Indiana,18173,8498
Waseca,Minnesota,27161,21855
Washburn,Wisconsin,55129,17913
Washington,Arkansas,5143,288853
Washington,Florida,12133,197524
Washington,Georgia,13303,4408
Washington,Idaho,16087,7833
Washington,Illinois,17189,81569
Washington,Indiana,18175,82837
Washington,Iowa,19183,126625
Washington,Kansas,20201,5633
Washington,Kentucky,21229,10415
Washington,Louisiana,22117,428748
Washington,Maine,23029,295471
Washington,Maryland,24043,468863
Washington,Minnesota,27163,563512
Washington,Mississippi,28151,389009
Washington,Missouri,29221,75401
Washington,Nebraska,31177,44775
Washington,New York,36115,392343
Washington,North Carolina,37187,129352
Washington,Ohio,39167,584554
Washington,Oklahoma,40147,205129
Washington,Oregon,41067,2012060
Washington,Pennsylvania,42125,2061212
Washington,Rhode Island,44009,1596366
Washington,Tennessee,47179,11012
Washington,Texas,48477,268153
Washington,Vermont,50023,304720
Washington,Virginia,51191,905868
Washington,Wisconsin,55131,271546
Washita,Oklahoma,40149,1131534
Washoe,Nevada,32031,2532449
Washtenaw,Michigan,26161,3547807
Watauga,North Carolina,37189,43458
Watonwan,Minnesota,27165,24309
Waukesha,Wisconsin,55133,1187640
Waupaca,Wisconsin,55135,219762
Waushara,Wisconsin,55137,67936
Wayne,Georgia,13305,57762
Wayne,Illinois,17191,6186
Wayne,Indiana,18177,177013
Wayne,Iowa,19185,18308
Wayne,Michigan,26163,24790767
Wayne,Mississippi,28153,6721
Wayne,New York,36117,501687
Wayne,North Carolina,37191,314795
Wayne,Ohio,39169,227688
Wayne,Pennsylvania,42127,433121
Wayne,West Virginia,54099,2469522
Waynesboro,Virginia,51820,92461
Webb,Texas,48479,561475
Webster,Georgia,13307,2319
Webster,Iowa,19187,22281
Webster,Kentucky,21233,28803
Webster,Louisiana,22119,298910
Webster,Mississippi,28155,41983
Webster,Missouri,29225,757
Webster,West Virginia,54101,877192
Weld,Colorado,8123,925333
Wells,Indiana,18179,62506
West Baton Rouge,Louisiana,22121,360343
West Carroll,Louisiana,22123,68002
West Feliciana,Louisiana,22125,171982
Westchester,New York,36119,1818233
Westmoreland,Pennsylvania,42129,2246175
Westmoreland,Virginia,51193,298376
Wetzel,West Virginia,54103,1903548
Wexford,Michigan,26165,1796441
Wharton,Texas,48481,129470
Whatcom,Washington,53073,7954876
Wheeler,Georgia,13309,2506
Wheeler,Texas,48483,550606
White,Arkansas,5145,565014
White,Georgia,13311,1461289
White,Illinois,17193,31288
White,Indiana,18181,297910
Whiteside,Illinois,17195,456501
Whitfield,Georgia,13313,24046
Whitley,Indiana,18183,155375
Whitley,Kentucky,21235,11980
Whitman,Washington,53075,1150536
Wichita,Texas,48485,424267
Wicomico,Maryland,24045,260450
Wilbarger,Texas,48487,109464
Wilcox,Alabama,1131,39658
Wilcox,Georgia,13315,27674
Wilkes,Georgia,13317,13214
Wilkes,North Carolina,37193,384102
Wilkin,Minnesota,27167,6541
Wilkinson,Georgia,13319,55184
Wilkinson,Mississippi,28157,96532
Will,Illinois,17197,2244500
Willacy,Texas,48489,62929
Williams,Ohio,39171,34896
Williamsburg,South Carolina,45089,171108
Williamsburg,Virginia,51830,71025
Williamson,Illinois,17199,156752
Williamson,Tennessee,47187,238348
Williamson,Texas,48491,1278352
Wilson,Kansas,20205,12839
Wilson,North Carolina,37195,81852
Wilson,Tennessee,47189,140866
Wilson,Texas,48493,51083
Winchester,Virginia,51840,47222
Windham,Connecticut,9015,465309
Windham,Vermont,50025,669859
Windsor,Vermont,50027,629969
Winkler,Texas,48495,65648
Winn,Louisiana,22127,230317
Winnebago,Illinois,17201,652151
Winnebago,Iowa,19189,11481
Winnebago,Wisconsin,55139,398661
Winneshiek,Iowa,19191,32998
Winona,Minnesota,27169,80373
Winston,Mississippi,28159,16
Wirt,West Virginia,54105,1182724
Wise,Texas,48497,238745
Wise,Virginia,51195,496125
Wolfe,Kentucky,21237,790
Wood,Ohio,39173,430675
Wood,Texas,48499,205592
Wood,West Virginia,54107,4896536
Wood,Wisconsin,55141,241067
Woodbury,Iowa,19193,57904
Woodford,Illinois,17203,1041813
Woodford,Kentucky,21239,181741
Woodruff,Arkansas,5147,95942
Woods,Oklahoma,40151,10429
Woodson,Kansas,20207,21796
Woodward,Oklahoma,40153,42100
Worcester,Maryland,24047,293383
Worcester,Massachusetts,25027,2348200
Worth,Georgia,13321,20248
Worth,Iowa,19195,26465
Wright,Iowa,19197,14316
Wright,Minnesota,27171,204981
Wyandot,Ohio,39175,33053
Wyandotte,Kansas,20209,2950330
Wyoming,New York,36121,408209
Wyoming,Pennsylvania,42131,288566
Wyoming,West Virginia,54109,560402
Wythe,Virginia,51197,441527
Yadkin,North Carolina,37197,98039
Yakima,Washington,53077,3
Yalobusha,Mississippi,28161,29391
Yamhill,Oregon,41071,463739
Yancey,North Carolina,37199,35631
Yates,New York,36123,328576
Yazoo,Mississippi,28163,65015
Yell,Arkansas,5149,408543
Yellow Medicine,Minnesota,27173,13970
Yoakum,Texas,48501,91762
Yolo,California,6113,1536735
York,Maine,23031,1113186
York,Nebraska,31185,11430
York,Pennsylvania,42133,2016455
York,South Carolina,45091,333811
York,Virginia,51199,172403
Young,Texas,48503,28894
Zapata,Texas,48505,164643
Zavala,Texas,48507,145673
